reaction_ID,lower_flux_bound,upper_flux_bound
HMR_3905,0,1000
HMR_3907,0,1000
HMR_4097,0,1000
HMR_4108,0,1000
HMR_4133,0,1000
HMR_4281,-1000,1000
HMR_4388,-1000,1000
HMR_4283,0,1000
HMR_8357,0,1000
HMR_4379,0,1000
HMR_4301,0,1000
HMR_4355,0,1000
HMR_4358,0,1000
HMR_4363,-1000,1000
HMR_4365,-1000,1000
HMR_4368,-1000,1000
HMR_4371,0,1000
HMR_4373,-1000,1000
HMR_4375,-1000,1000
HMR_4381,-1000,1000
HMR_4391,-1000,1000
HMR_4394,0,1000
HMR_4396,-1000,1000
HMR_4521,0,1000
HMR_7748,-1000,1000
HMR_7749,-1000,1000
HMR_3989,0,1000
HMR_4122,0,1000
HMR_5395,0,1000
HMR_5396,0,1000
HMR_9727,0,1000
HMR_5397,0,1000
HMR_5398,0,1000
HMR_5401,0,1000
HMR_3944,0,1000
HMR_4128,-1000,1000
HMR_4303,0,1000
HMR_4416,0,1000
HMR_4774,-1000,1000
HMR_4775,-1000,1000
HMR_7674,0,1000
HMR_8762,-1000,1000
HMR_8766,-1000,1000
HMR_4297,0,1000
HMR_4315,-1000,1000
HMR_4316,-1000,1000
HMR_4319,0,1000
HMR_4383,-1000,1000
HMR_4385,0,1000
HMR_4386,0,1000
HMR_4387,0,1000
HMR_4399,0,1000
HMR_4400,0,1000
HMR_4490,0,1000
HMR_4706,0,1000
HMR_8768,0,1000
HMR_4590,0,1000
HMR_4591,0,1000
HMR_4592,-1000,1000
HMR_8341,0,1000
HMR_8344,-1000,1000
HMR_8727,0,1000
HMR_8729,0,1000
HMR_6537,-1000,1000
HMR_1568,0,1000
HMR_3853,0,1000
HMR_3854,0,1000
HMR_3855,0,1000
HMR_3857,0,1000
HMR_4087,0,1000
HMR_4091,0,1000
HMR_4193,0,1000
HMR_8497,0,1000
HMR_8500,0,1000
HMR_8502,-1000,1000
HMR_8503,0,1000
HMR_8504,0,1000
HMR_8506,0,1000
HMR_8507,0,1000
HMR_8508,0,1000
HMR_8509,0,1000
HMR_8511,0,1000
HMR_8517,0,1000
HMR_4280,-1000,1000
HMR_0153,0,1000
HMR_3212,0,1000
HMR_3797,-1000,1000
HMR_4331,-1000,1000
HMR_4459,0,1000
HMR_4460,-1000,1000
HMR_4497,0,1000
HMR_4741,0,1000
HMR_9803,-1000,1000
HMR_9804,-1000,1000
HMR_1434,-1000,1000
HMR_3163,0,1000
HMR_4604,0,1000
HMR_5351,-1000,1000
HMR_7709,-1000,1000
HMR_4052,0,1000
HMR_4304,0,1000
HMR_4306,-1000,1000
HMR_4350,-1000,1000
HMR_4354,-1000,1000
HMR_4398,-1000,1000
HMR_4404,-1000,1000
HMR_4473,0,1000
HMR_4474,0,1000
HMR_4476,-1000,1000
HMR_4477,-1000,1000
HMR_4501,-1000,1000
HMR_4565,-1000,1000
HMR_4567,-1000,1000
HMR_4568,-1000,1000
HMR_4623,0,1000
HMR_4625,0,1000
HMR_4710,-1000,1000
HMR_4841,-1000,1000
HMR_8653,-1000,1000
HMR_3998,0,1000
HMR_4000,0,1000
HMR_4002,-1000,1000
HMR_4004,-1000,1000
HMR_4010,0,1000
HMR_4081,0,1000
HMR_4082,0,1000
HMR_4012,0,1000
HMR_4014,0,1000
HMR_4020,-1000,1000
HMR_4022,0,1000
HMR_4038,-1000,1000
HMR_4040,0,1000
HMR_4042,0,1000
HMR_4046,0,1000
HMR_4048,0,1000
HMR_4085,-1000,1000
HMR_4086,-1000,1000
HMR_4134,0,1000
HMR_4135,-1000,1000
HMR_4168,0,1000
HMR_4171,0,1000
HMR_4406,0,1000
HMR_4412,-1000,1000
HMR_4417,0,1000
HMR_4418,-1000,1000
HMR_4421,0,1000
HMR_4449,0,1000
HMR_4450,0,1000
HMR_4452,-1000,1000
HMR_4453,0,1000
HMR_4480,-1000,1000
HMR_4486,0,1000
HMR_4487,0,1000
HMR_4488,0,1000
HMR_4489,0,1000
HMR_4492,0,1000
HMR_4493,0,1000
HMR_4495,0,1000
HMR_4496,0,1000
HMR_4573,0,1000
HMR_4574,-1000,1000
HMR_4600,0,1000
HMR_4602,0,1000
HMR_4603,-1000,1000
HMR_4611,0,1000
HMR_4632,0,1000
HMR_4651,-1000,1000
HMR_4663,-1000,1000
HMR_4664,0,1000
HMR_4695,-1000,1000
HMR_4705,0,1000
HMR_4709,-1000,1000
HMR_4799,0,1000
HMR_4802,0,1000
HMR_4804,-1000,1000
HMR_4808,0,1000
HMR_4810,0,1000
HMR_4812,-1000,1000
HMR_4814,-1000,1000
HMR_5301,0,1000
HMR_5353,-1000,1000
HMR_6602,-1000,1000
HMR_6603,-1000,1000
HMR_4016,-1000,1000
HMR_4018,-1000,1000
HMR_4044,-1000,1000
HMR_4291,-1000,1000
HMR_4420,0,1000
HMR_4570,-1000,1000
HMR_4572,0,1000
HMR_4006,-1000,1000
HMR_4028,-1000,1000
HMR_4030,-1000,1000
HMR_4670,-1000,1000
HMR_4673,-1000,1000
HMR_4675,0,1000
HMR_6614,-1000,1000
HMR_6615,-1000,1000
HMR_6616,-1000,1000
HMR_4635,-1000,1000
HMR_3931,0,1000
HMR_3969,0,1000
HMR_3970,0,1000
HMR_4008,-1000,1000
HMR_4032,0,1000
HMR_4034,0,1000
HMR_4036,0,1000
HMR_4050,-1000,1000
HMR_4056,0,1000
HMR_4059,0,1000
HMR_4177,0,1000
HMR_4179,0,1000
HMR_4182,0,1000
HMR_4194,0,1000
HMR_4210,0,1000
HMR_4211,0,1000
HMR_4484,0,1000
HMR_4485,-1000,1000
HMR_4510,0,1000
HMR_4512,-1000,1000
HMR_4514,0,1000
HMR_4577,-1000,1000
HMR_4579,-1000,1000
HMR_4580,0,1000
HMR_4608,-1000,1000
HMR_4575,-1000,1000
HMR_4637,-1000,1000
HMR_4642,0,1000
HMR_4643,0,1000
HMR_4644,-1000,1000
HMR_4676,0,1000
HMR_5299,0,1000
HMR_5352,0,1000
HMR_6612,-1000,1000
HMR_6623,0,1000
HMR_6627,-1000,1000
HMR_3965,0,1000
HMR_3966,0,1000
HMR_3967,-1000,1000
HMR_3968,-1000,1000
HMR_4024,-1000,1000
HMR_4054,0,1000
HMR_4083,0,1000
HMR_4136,0,1000
HMR_4180,0,1000
HMR_4185,0,1000
HMR_4186,0,1000
HMR_4483,0,1000
HMR_4507,0,1000
HMR_4516,0,1000
HMR_4601,0,1000
HMR_4640,0,1000
HMR_4641,0,1000
HMR_4680,-1000,1000
HMR_4806,0,1000
HMR_6625,0,1000
HMR_6626,0,1000
HMR_7160,0,1000
HMR_7162,0,1000
HMR_7713,0,1000
HMR_7716,0,1000
HMR_7721,0,1000
HMR_7725,0,1000
HMR_7728,0,1000
HMR_7863,-1000,1000
HMR_7864,-1000,1000
HMR_7865,-1000,1000
HMR_7866,-1000,1000
HMR_7867,-1000,1000
HMR_7868,-1000,1000
HMR_7869,-1000,1000
HMR_7870,-1000,1000
HMR_7871,-1000,1000
HMR_7872,-1000,1000
HMR_7873,-1000,1000
HMR_7874,-1000,1000
HMR_7876,-1000,1000
HMR_7878,-1000,1000
HMR_7879,0,1000
HMR_7880,0,1000
HMR_7881,-1000,1000
HMR_7882,-1000,1000
HMR_7883,-1000,1000
HMR_7884,-1000,1000
HMR_7885,-1000,1000
HMR_7886,-1000,1000
HMR_7887,-1000,1000
HMR_7888,-1000,1000
HMR_7889,-1000,1000
HMR_7890,-1000,1000
HMR_7891,-1000,1000
HMR_7892,-1000,1000
HMR_7893,-1000,1000
HMR_8085,0,1000
HMR_8443,0,1000
HMR_8444,0,1000
HMR_8445,0,1000
HMR_8448,-1000,1000
HMR_8449,-1000,1000
HMR_8450,-1000,1000
HMR_8451,-1000,1000
HMR_8452,-1000,1000
HMR_8453,-1000,1000
HMR_8454,-1000,1000
HMR_8455,-1000,1000
HMR_8456,-1000,1000
HMR_8457,-1000,1000
HMR_8458,-1000,1000
HMR_8459,-1000,1000
HMR_8460,-1000,1000
HMR_8462,-1000,1000
HMR_8463,-1000,1000
HMR_8464,-1000,1000
HMR_8465,-1000,1000
HMR_8466,-1000,1000
HMR_8467,-1000,1000
HMR_8468,-1000,1000
HMR_8469,-1000,1000
HMR_8470,-1000,1000
HMR_8471,-1000,1000
HMR_8472,-1000,1000
HMR_8474,0,1000
HMR_8482,0,1000
HMR_8483,0,1000
HMR_8485,0,1000
HMR_8486,-1000,1000
HMR_8487,0,1000
HMR_8489,0,1000
HMR_3802,-1000,1000
HMR_3804,-1000,1000
HMR_3813,-1000,1000
HMR_3827,-1000,1000
HMR_3831,0,1000
HMR_3870,0,1000
HMR_3890,0,1000
HMR_4115,0,1000
HMR_4118,0,1000
HMR_4197,0,1000
HMR_4287,0,1000
HMR_6780,0,1000
HMR_7642,-1000,1000
HMR_3833,0,1000
HMR_3835,0,1000
HMR_3837,0,1000
HMR_3838,-1000,1000
HMR_4073,0,1000
HMR_4075,0,1000
HMR_4077,0,1000
HMR_4212,0,1000
HMR_4422,0,1000
HMR_4583,-1000,1000
HMR_4607,0,1000
HMR_4776,0,1000
HMR_4777,0,1000
HMR_4778,0,1000
HMR_4779,0,1000
HMR_4780,0,1000
HMR_4781,0,1000
HMR_4785,0,1000
HMR_4786,0,1000
HMR_5384,0,1000
HMR_6938,-1000,1000
HMR_6965,-1000,1000
HMR_6966,-1000,1000
HMR_8098,0,1000
HMR_8425,-1000,1000
HMR_8427,-1000,1000
HMR_8603,0,1000
HMR_8604,0,1000
HMR_8605,0,1000
HMR_8609,0,1000
HMR_8610,0,1000
HMR_3839,-1000,1000
HMR_3841,-1000,1000
HMR_3843,0,1000
HMR_3847,-1000,1000
HMR_3939,-1000,1000
HMR_4198,0,1000
HMR_4199,-1000,1000
HMR_4584,-1000,1000
HMR_4696,0,1000
HMR_4697,0,1000
HMR_4698,0,1000
HMR_4742,0,1000
HMR_4792,-1000,1000
HMR_5392,0,1000
HMR_5393,0,1000
HMR_7702,-1000,1000
HMR_4428,0,1000
HMR_4429,0,1000
HMR_4430,0,1000
HMR_4431,0,1000
HMR_5338,0,1000
HMR_5339,-1000,1000
HMR_8783,0,1000
HMR_8784,0,1000
HMR_4288,0,1000
HMR_4667,0,1000
HMR_4737,0,1000
HMR_4739,0,1000
HMR_6974,0,1000
HMR_6975,0,1000
HMR_6976,0,1000
HMR_6977,0,1000
HMR_6978,0,1000
HMR_6979,0,1000
HMR_6980,0,1000
HMR_6981,0,1000
HMR_6982,0,1000
HMR_3885,-1000,1000
HMR_8563,0,1000
HMR_4683,0,1000
HMR_4685,0,1000
HMR_4686,-1000,1000
HMR_4687,-1000,1000
HMR_8530,-1000,1000
HMR_3744,0,1000
HMR_3757,0,1000
HMR_3778,0,1000
HMR_4797,0,1000
HMR_3765,0,1000
HMR_6707,0,1000
HMR_6713,0,1000
HMR_6714,0,1000
HMR_6725,-1000,1000
HMR_6730,0,1000
HMR_6734,-1000,1000
HMR_6736,0,1000
HMR_6741,0,1000
HMR_6743,0,1000
HMR_6745,0,1000
HMR_6746,0,1000
HMR_6747,0,1000
HMR_6748,0,1000
HMR_6749,0,1000
HMR_6750,0,1000
HMR_6751,0,1000
HMR_6752,0,1000
HMR_6753,0,1000
HMR_6754,0,1000
HMR_6755,-1000,1000
HMR_6756,-1000,1000
HMR_6758,0,1000
HMR_6760,0,1000
HMR_6761,0,1000
HMR_6762,0,1000
HMR_6763,0,1000
HMR_6764,0,1000
HMR_6766,0,1000
HMR_6767,0,1000
HMR_6768,0,1000
HMR_6787,0,1000
HMR_6789,0,1000
HMR_6790,0,1000
HMR_6791,0,1000
HMR_6808,0,1000
HMR_6811,-1000,1000
HMR_6813,0,1000
HMR_6817,-1000,1000
HMR_6883,-1000,1000
HMR_7628,0,1000
HMR_3875,0,1000
HMR_3877,0,1000
HMR_3879,0,1000
HMR_3912,-1000,1000
HMR_3919,-1000,1000
HMR_3920,-1000,1000
HMR_3928,0,1000
HMR_3995,-1000,1000
HMR_5381,0,1000
HMR_6515,0,1000
HMR_6518,0,1000
HMR_6519,-1000,1000
HMR_6520,-1000,1000
HMR_8066,-1000,1000
HMR_8067,-1000,1000
HMR_8068,-1000,1000
HMR_8069,-1000,1000
HMR_3868,0,1000
HMR_3869,0,1000
HMR_3933,-1000,1000
HMR_3937,0,1000
HMR_4116,0,1000
HMR_4120,0,1000
HMR_4121,0,1000
HMR_4175,0,1000
HMR_4176,0,1000
HMR_4324,0,1000
HMR_4326,0,1000
HMR_4328,0,1000
HMR_4329,0,1000
HMR_4708,0,1000
HMR_8769,0,1000
HMR_8770,0,1000
HMR_4078,0,1000
HMR_4079,0,1000
HMR_4427,0,1000
HMR_7993,0,1000
HMR_7131,-1000,1000
HMR_3748,0,1000
HMR_3751,0,1000
HMR_3753,0,1000
HMR_3755,0,1000
HMR_3759,0,1000
HMR_3767,0,1000
HMR_3796,-1000,1000
HMR_3823,-1000,1000
HMR_3988,0,1000
HMR_4124,0,1000
HMR_4158,0,1000
HMR_4159,-1000,1000
HMR_4299,0,1000
HMR_4300,0,1000
HMR_4494,0,1000
HMR_4524,0,1000
HMR_4532,-1000,1000
HMR_4536,-1000,1000
HMR_4628,0,1000
HMR_4631,0,1000
HMR_8371,0,1000
HMR_8377,0,1000
HMR_5130,0,1000
HMR_5131,0,1000
HMR_5132,0,1000
HMR_5133,0,1000
HMR_5134,0,1000
HMR_5135,0,1000
HMR_5136,0,1000
HMR_5137,0,1000
HMR_5138,0,1000
HMR_5139,0,1000
HMR_5140,0,1000
HMR_5141,0,1000
HMR_5142,0,1000
HMR_5143,0,1000
HMR_5145,0,1000
HMR_5146,0,1000
HMR_5147,0,1000
HMR_5148,0,1000
HMR_5149,0,1000
HMR_5150,0,1000
HMR_7171,0,1000
HMR_7172,0,1000
HMR_7174,0,1000
HMR_7175,0,1000
HMR_7183,0,1000
HMR_7436,0,1000
HMR_7438,0,1000
HMR_7440,0,1000
HMR_1532,-1000,1000
HMR_7264,0,1000
HMR_7265,0,1000
HMR_7266,0,1000
HMR_7267,0,1000
HMR_7268,0,1000
HMR_7269,0,1000
HMR_7270,0,1000
HMR_7271,0,1000
HMR_7274,0,1000
HMR_7275,0,1000
HMR_7276,0,1000
HMR_7277,0,1000
HMR_7278,0,1000
HMR_7279,0,1000
HMR_7280,0,1000
HMR_7281,0,1000
HMR_7285,0,1000
HMR_7286,0,1000
HMR_7287,0,1000
HMR_7289,0,1000
HMR_7290,0,1000
HMR_7293,0,1000
HMR_7300,0,1000
HMR_7308,0,1000
HMR_7309,0,1000
HMR_7310,0,1000
HMR_7311,0,1000
HMR_7312,0,1000
HMR_7313,0,1000
HMR_7314,0,1000
HMR_7315,0,1000
HMR_7316,0,1000
HMR_7317,0,1000
HMR_7318,0,1000
HMR_7319,0,1000
HMR_7320,0,1000
HMR_7321,0,1000
HMR_7322,0,1000
HMR_7323,0,1000
HMR_7324,0,1000
HMR_7325,0,1000
HMR_7327,0,1000
HMR_7332,0,1000
HMR_7333,0,1000
HMR_7428,0,1000
HMR_7574,0,1000
HMR_7575,0,1000
HMR_7576,0,1000
HMR_7577,0,1000
HMR_7578,0,1000
HMR_7580,0,1000
HMR_7582,0,1000
HMR_8691,0,1000
HMR_8693,0,1000
HMR_5151,0,1000
HMR_5152,0,1000
HMR_5153,0,1000
HMR_5156,0,1000
HMR_5170,0,1000
HMR_7617,0,1000
HMR_7618,0,1000
HMR_5267,0,1000
HMR_5273,0,1000
HMR_5277,0,1000
HMR_5282,0,1000
HMR_5284,0,1000
HMR_5286,0,1000
HMR_5407,-1000,1000
HMR_3915,0,1000
HMR_4084,0,1000
HMR_4187,0,1000
HMR_0710,0,1000
HMR_3957,0,1000
HMR_3958,0,1000
HMR_4111,0,1000
HMR_4112,0,1000
HMR_4113,0,1000
HMR_4139,-1000,1000
HMR_4141,-1000,1000
HMR_4145,-1000,1000
HMR_4147,-1000,1000
HMR_4149,0,1000
HMR_4408,-1000,1000
HMR_4410,-1000,1000
HMR_4456,-1000,1000
HMR_4458,-1000,1000
HMR_4585,-1000,1000
HMR_4586,-1000,1000
HMR_4587,-1000,1000
HMR_4588,-1000,1000
HMR_4589,-1000,1000
HMR_4652,-1000,1000
HMR_6414,-1000,1000
HMR_8743,-1000,1000
HMR_8773,-1000,1000
HMR_8774,0,1000
HMR_8775,0,1000
HMR_8777,0,1000
HMR_8778,0,1000
HMR_8780,0,1000
HMR_3975,0,1000
HMR_3977,0,1000
HMR_3979,0,1000
HMR_6911,-1000,1000
HMR_6912,0,1000
HMR_6916,0,1000
HMR_6918,0,1000
HMR_3960,0,1000
HMR_3980,0,1000
HMR_3982,0,1000
HMR_8409,0,1000
HMR_8410,0,1000
HMR_8413,0,1000
HMR_8415,0,1000
HMR_0188,-1000,1000
HMR_0192,-1000,1000
HMR_0196,-1000,1000
HMR_0200,-1000,1000
HMR_0204,-1000,1000
HMR_0209,-1000,1000
HMR_0213,-1000,1000
HMR_0217,-1000,1000
HMR_0226,-1000,1000
HMR_0233,-1000,1000
HMR_0237,-1000,1000
HMR_0241,-1000,1000
HMR_0245,-1000,1000
HMR_0249,-1000,1000
HMR_0255,-1000,1000
HMR_0259,-1000,1000
HMR_0263,0,1000
HMR_0267,-1000,1000
HMR_0271,-1000,1000
HMR_0275,-1000,1000
HMR_0279,-1000,1000
HMR_0283,-1000,1000
HMR_0289,-1000,1000
HMR_0293,-1000,1000
HMR_0297,-1000,1000
HMR_0301,-1000,1000
HMR_0305,-1000,1000
HMR_0309,-1000,1000
HMR_0313,-1000,1000
HMR_0319,-1000,1000
HMR_0323,-1000,1000
HMR_0327,-1000,1000
HMR_0331,-1000,1000
HMR_0337,-1000,1000
HMR_0341,-1000,1000
HMR_0345,-1000,1000
HMR_0349,-1000,1000
HMR_0353,-1000,1000
HMR_0357,-1000,1000
HMR_0361,-1000,1000
HMR_0365,-1000,1000
HMR_0369,-1000,1000
HMR_0373,-1000,1000
HMR_0377,-1000,1000
HMR_0381,-1000,1000
HMR_0385,-1000,1000
HMR_0389,-1000,1000
HMR_0393,-1000,1000
HMR_0397,-1000,1000
HMR_0401,-1000,1000
HMR_0405,-1000,1000
HMR_0409,-1000,1000
HMR_0413,-1000,1000
HMR_0417,-1000,1000
HMR_0421,-1000,1000
HMR_0425,-1000,1000
HMR_0429,-1000,1000
HMR_0433,-1000,1000
HMR_0437,-1000,1000
HMR_2942,-1000,1000
HMR_2943,-1000,1000
HMR_2944,-1000,1000
HMR_2945,-1000,1000
HMR_2946,-1000,1000
HMR_2947,-1000,1000
HMR_2948,-1000,1000
HMR_2949,-1000,1000
HMR_2951,-1000,1000
HMR_2952,-1000,1000
HMR_2954,-1000,1000
HMR_2955,-1000,1000
HMR_2956,-1000,1000
HMR_2957,-1000,1000
HMR_2959,0,1000
HMR_2961,-1000,1000
HMR_2962,-1000,1000
HMR_2963,-1000,1000
HMR_2964,-1000,1000
HMR_2965,-1000,1000
HMR_2966,-1000,1000
HMR_2967,-1000,1000
HMR_2968,-1000,1000
HMR_2969,-1000,1000
HMR_2970,-1000,1000
HMR_2971,-1000,1000
HMR_2972,-1000,1000
HMR_2973,-1000,1000
HMR_2974,-1000,1000
HMR_2975,-1000,1000
HMR_2976,-1000,1000
HMR_2977,-1000,1000
HMR_2978,-1000,1000
HMR_2979,-1000,1000
HMR_2980,-1000,1000
HMR_2981,-1000,1000
HMR_2982,-1000,1000
HMR_2983,-1000,1000
HMR_2984,-1000,1000
HMR_2985,-1000,1000
HMR_2986,-1000,1000
HMR_2987,-1000,1000
HMR_2988,-1000,1000
HMR_2989,-1000,1000
HMR_2990,-1000,1000
HMR_2991,-1000,1000
HMR_2992,-1000,1000
HMR_2994,-1000,1000
HMR_2996,-1000,1000
HMR_2998,-1000,1000
HMR_2999,-1000,1000
HMR_3000,-1000,1000
HMR_3001,-1000,1000
HMR_3002,-1000,1000
HMR_3003,-1000,1000
HMR_2152,0,1000
HMR_2153,0,1000
HMR_2154,0,1000
HMR_2155,0,1000
HMR_2156,0,1000
HMR_2157,0,1000
HMR_2158,0,1000
HMR_2159,0,1000
HMR_2160,0,1000
HMR_2161,0,1000
HMR_2162,0,1000
HMR_2163,0,1000
HMR_2164,0,1000
HMR_2165,0,1000
HMR_2166,0,1000
HMR_2167,0,1000
HMR_2168,0,1000
HMR_2169,0,1000
HMR_2170,0,1000
HMR_2171,0,1000
HMR_2173,0,1000
HMR_2174,0,1000
HMR_2175,0,1000
HMR_2176,0,1000
HMR_2178,0,1000
HMR_2179,0,1000
HMR_2180,0,1000
HMR_2181,0,1000
HMR_4156,0,1000
HMR_2227,0,1000
HMR_2228,0,1000
HMR_2229,0,1000
HMR_2230,0,1000
HMR_2231,0,1000
HMR_2232,0,1000
HMR_2233,0,1000
HMR_2234,0,1000
HMR_2235,0,1000
HMR_2236,0,1000
HMR_2237,0,1000
HMR_2238,0,1000
HMR_2239,0,1000
HMR_2240,0,1000
HMR_2241,0,1000
HMR_2242,0,1000
HMR_2243,0,1000
HMR_2244,0,1000
HMR_2245,0,1000
HMR_2246,0,1000
HMR_2247,0,1000
HMR_2249,0,1000
HMR_2250,0,1000
HMR_2251,0,1000
HMR_2252,0,1000
HMR_2254,0,1000
HMR_2255,0,1000
HMR_2256,0,1000
HMR_2257,0,1000
HMR_2305,0,1000
HMR_2307,0,1000
HMR_2309,0,1000
HMR_2311,0,1000
HMR_2315,0,1000
HMR_2317,0,1000
HMR_2319,0,1000
HMR_2321,0,1000
HMR_2324,0,1000
HMR_2326,0,1000
HMR_2328,0,1000
HMR_2330,0,1000
HMR_2332,0,1000
HMR_2334,0,1000
HMR_2336,0,1000
HMR_2338,0,1000
HMR_2342,0,1000
HMR_2343,0,1000
HMR_2344,0,1000
HMR_2345,0,1000
HMR_2347,0,1000
HMR_2348,0,1000
HMR_2349,0,1000
HMR_2350,0,1000
HMR_2353,0,1000
HMR_2354,0,1000
HMR_2355,0,1000
HMR_2356,0,1000
HMR_2361,0,1000
HMR_2362,0,1000
HMR_2363,0,1000
HMR_2364,0,1000
HMR_2190,0,1000
HMR_2191,0,1000
HMR_2193,0,1000
HMR_2194,0,1000
HMR_2201,0,1000
HMR_2202,0,1000
HMR_2203,0,1000
HMR_2204,0,1000
HMR_2205,0,1000
HMR_2208,0,1000
HMR_2209,0,1000
HMR_2210,0,1000
HMR_2211,0,1000
HMR_2212,0,1000
HMR_2213,0,1000
HMR_2214,0,1000
HMR_2215,0,1000
HMR_2217,0,1000
HMR_2218,0,1000
HMR_2219,0,1000
HMR_2259,0,1000
HMR_2260,0,1000
HMR_2261,0,1000
HMR_2262,0,1000
HMR_2263,0,1000
HMR_2264,0,1000
HMR_2265,0,1000
HMR_2266,0,1000
HMR_2267,0,1000
HMR_2268,0,1000
HMR_2269,0,1000
HMR_2270,0,1000
HMR_2281,0,1000
HMR_2282,0,1000
HMR_2284,0,1000
HMR_2286,0,1000
HMR_2287,0,1000
HMR_2292,0,1000
HMR_2293,0,1000
HMR_2294,0,1000
HMR_2295,0,1000
HMR_2296,0,1000
HMR_2359,0,1000
HMR_2365,0,1000
HMR_2288,0,1000
HMR_2289,0,1000
HMR_0709,0,1000
HMR_2150,0,1000
HMR_2151,0,1000
HMR_2172,0,1000
HMR_2177,0,1000
HMR_2182,0,1000
HMR_2248,0,1000
HMR_2253,0,1000
HMR_2258,0,1000
HMR_2441,0,1000
HMR_2456,0,1000
HMR_2458,0,1000
HMR_2459,-1000,1000
HMR_2460,-1000,1000
HMR_2463,-1000,1000
HMR_2464,0,1000
HMR_2465,-1000,1000
HMR_2466,-1000,1000
HMR_2467,-1000,1000
HMR_2468,0,1000
HMR_2469,-1000,1000
HMR_2470,0,1000
HMR_6397,-1000,1000
HMR_2472,0,1000
HMR_2475,0,1000
HMR_2478,0,1000
HMR_2480,0,1000
HMR_2482,0,1000
HMR_2486,0,1000
HMR_2489,0,1000
HMR_2491,0,1000
HMR_2493,0,1000
HMR_2497,0,1000
HMR_2499,0,1000
HMR_2501,0,1000
HMR_2503,0,1000
HMR_2505,0,1000
HMR_2515,0,1000
HMR_2516,0,1000
HMR_2518,0,1000
HMR_2520,0,1000
HMR_2522,0,1000
HMR_2524,0,1000
HMR_2526,0,1000
HMR_2528,0,1000
HMR_2530,0,1000
HMR_2533,0,1000
HMR_2535,0,1000
HMR_2537,0,1000
HMR_2540,0,1000
HMR_2541,0,1000
HMR_2542,0,1000
HMR_2543,0,1000
HMR_2546,-1000,1000
HMR_2548,-1000,1000
HMR_2551,-1000,1000
HMR_2556,-1000,1000
HMR_2581,0,1000
HMR_2582,0,1000
HMR_2583,-1000,1000
HMR_2584,-1000,1000
HMR_2371,0,1000
HMR_2374,0,1000
HMR_2376,0,1000
HMR_2378,0,1000
HMR_2383,0,1000
HMR_2387,0,1000
HMR_2389,0,1000
HMR_2395,0,1000
HMR_2397,0,1000
HMR_2399,0,1000
HMR_2401,0,1000
HMR_2403,0,1000
HMR_2415,0,1000
HMR_2417,0,1000
HMR_2419,0,1000
HMR_2421,0,1000
HMR_2423,0,1000
HMR_2426,0,1000
HMR_2428,0,1000
HMR_2430,0,1000
HMR_2433,0,1000
HMR_2434,0,1000
HMR_2435,0,1000
HMR_2436,0,1000
HMR_3452,0,1000
HMR_3453,0,1000
HMR_3454,-1000,1000
HMR_3455,-1000,1000
HMR_3456,0,1000
HMR_3457,-1000,1000
HMR_3458,0,1000
HMR_0953,0,1000
HMR_0957,0,1000
HMR_0959,0,1000
HMR_0960,0,1000
HMR_0963,0,1000
HMR_0964,0,1000
HMR_0973,-1000,1000
HMR_0980,-1000,1000
HMR_1002,-1000,1000
HMR_1003,-1000,1000
HMR_1004,-1000,1000
HMR_1006,-1000,1000
HMR_1007,-1000,1000
HMR_1008,-1000,1000
HMR_1020,-1000,1000
HMR_1021,-1000,1000
HMR_1022,-1000,1000
HMR_1023,-1000,1000
HMR_1025,-1000,1000
HMR_1026,-1000,1000
HMR_1027,-1000,1000
HMR_1028,-1000,1000
HMR_1043,-1000,1000
HMR_1045,-1000,1000
HMR_1048,-1000,1000
HMR_1049,-1000,1000
HMR_1050,-1000,1000
HMR_1054,-1000,1000
HMR_1055,-1000,1000
HMR_1057,-1000,1000
HMR_1058,-1000,1000
HMR_1065,0,1000
HMR_1066,0,1000
HMR_1067,0,1000
HMR_1068,0,1000
HMR_1069,0,1000
HMR_1070,0,1000
HMR_1074,-1000,1000
HMR_3015,0,1000
HMR_1080,0,1000
HMR_1084,0,1000
HMR_1088,-1000,1000
HMR_1091,-1000,1000
HMR_1098,-1000,1000
HMR_1100,0,1000
HMR_1101,0,1000
HMR_1102,0,1000
HMR_1103,0,1000
HMR_1105,0,1000
HMR_1106,0,1000
HMR_1116,-1000,1000
HMR_1117,-1000,1000
HMR_1119,-1000,1000
HMR_1120,-1000,1000
HMR_1121,-1000,1000
HMR_1122,-1000,1000
HMR_1123,-1000,1000
HMR_1124,-1000,1000
HMR_1125,-1000,1000
HMR_1129,-1000,1000
HMR_1130,-1000,1000
HMR_1131,-1000,1000
HMR_1132,-1000,1000
HMR_1133,-1000,1000
HMR_1134,-1000,1000
HMR_1146,-1000,1000
HMR_1147,-1000,1000
HMR_1148,-1000,1000
HMR_1157,-1000,1000
HMR_1158,-1000,1000
HMR_1159,-1000,1000
HMR_1160,-1000,1000
HMR_1190,-1000,1000
HMR_1191,-1000,1000
HMR_1192,-1000,1000
HMR_1200,-1000,1000
HMR_1201,-1000,1000
HMR_1202,-1000,1000
HMR_1203,-1000,1000
HMR_1228,0,1000
HMR_1229,0,1000
HMR_1230,0,1000
HMR_1231,0,1000
HMR_1232,0,1000
HMR_1233,0,1000
HMR_1236,0,1000
HMR_1238,0,1000
HMR_1241,-1000,1000
HMR_1244,0,1000
HMR_1245,0,1000
HMR_1246,0,1000
HMR_1248,-1000,1000
HMR_1249,-1000,1000
HMR_1250,-1000,1000
HMR_1251,-1000,1000
HMR_1263,-1000,1000
HMR_1264,-1000,1000
HMR_1265,-1000,1000
HMR_1266,-1000,1000
HMR_1280,-1000,1000
HMR_1281,-1000,1000
HMR_1282,-1000,1000
HMR_1287,0,1000
HMR_1288,0,1000
HMR_1289,0,1000
HMR_1290,-1000,1000
HMR_1295,-1000,1000
HMR_1297,-1000,1000
HMR_4796,0,1000
HMR_8546,-1000,1000
HMR_8548,-1000,1000
HMR_8552,-1000,1000
HMR_8560,-1000,1000
HMR_0154,0,1000
HMR_0189,0,1000
HMR_0193,0,1000
HMR_0197,0,1000
HMR_0201,0,1000
HMR_0206,0,1000
HMR_0210,0,1000
HMR_0214,0,1000
HMR_0223,0,1000
HMR_0230,0,1000
HMR_0234,0,1000
HMR_0238,0,1000
HMR_0242,0,1000
HMR_0246,0,1000
HMR_0250,0,1000
HMR_0256,0,1000
HMR_0260,0,1000
HMR_0264,0,1000
HMR_0268,0,1000
HMR_0272,0,1000
HMR_0276,0,1000
HMR_0280,0,1000
HMR_0284,0,1000
HMR_0290,0,1000
HMR_0294,0,1000
HMR_0298,0,1000
HMR_0302,0,1000
HMR_0306,0,1000
HMR_0310,0,1000
HMR_0314,0,1000
HMR_0320,0,1000
HMR_0324,0,1000
HMR_0328,0,1000
HMR_0332,0,1000
HMR_0338,0,1000
HMR_0342,0,1000
HMR_0346,0,1000
HMR_0350,0,1000
HMR_0354,0,1000
HMR_0358,0,1000
HMR_0362,0,1000
HMR_0366,0,1000
HMR_0370,0,1000
HMR_0374,0,1000
HMR_0378,0,1000
HMR_0382,0,1000
HMR_0386,0,1000
HMR_0390,0,1000
HMR_0394,0,1000
HMR_0398,0,1000
HMR_0402,0,1000
HMR_0406,0,1000
HMR_0410,0,1000
HMR_0414,0,1000
HMR_0418,0,1000
HMR_0422,0,1000
HMR_0426,0,1000
HMR_0430,0,1000
HMR_0434,0,1000
HMR_0438,0,1000
HMR_3475,0,1000
HMR_2599,-1000,1000
HMR_2605,-1000,1000
HMR_2611,-1000,1000
HMR_2614,-1000,1000
HMR_2620,-1000,1000
HMR_2623,-1000,1000
HMR_2633,-1000,1000
HMR_2648,-1000,1000
HMR_2651,-1000,1000
HMR_2669,-1000,1000
HMR_2681,-1000,1000
HMR_2687,-1000,1000
HMR_2690,-1000,1000
HMR_2693,-1000,1000
HMR_2699,-1000,1000
HMR_2702,-1000,1000
HMR_2705,-1000,1000
HMR_2708,-1000,1000
HMR_2711,-1000,1000
HMR_2717,-1000,1000
HMR_2726,-1000,1000
HMR_2730,-1000,1000
HMR_2733,-1000,1000
HMR_2736,-1000,1000
HMR_2739,-1000,1000
HMR_2746,-1000,1000
HMR_2759,-1000,1000
HMR_2762,-1000,1000
HMR_2768,-1000,1000
HMR_2771,-1000,1000
HMR_2774,-1000,1000
HMR_2596,-1000,1000
HMR_2600,0,1000
HMR_2601,-1000,1000
HMR_2603,-1000,1000
HMR_2606,-1000,1000
HMR_2607,-1000,1000
HMR_2609,-1000,1000
HMR_2612,-1000,1000
HMR_2613,-1000,1000
HMR_2616,-1000,1000
HMR_2618,-1000,1000
HMR_2621,-1000,1000
HMR_2622,-1000,1000
HMR_2624,-1000,1000
HMR_2625,-1000,1000
HMR_2629,-1000,1000
HMR_2634,-1000,1000
HMR_2638,-1000,1000
HMR_2644,-1000,1000
HMR_2649,-1000,1000
HMR_2650,-1000,1000
HMR_2652,-1000,1000
HMR_2653,-1000,1000
HMR_2655,-1000,1000
HMR_2658,-1000,1000
HMR_2659,-1000,1000
HMR_2661,-1000,1000
HMR_2664,-1000,1000
HMR_2667,-1000,1000
HMR_2668,-1000,1000
HMR_2670,-1000,1000
HMR_2671,-1000,1000
HMR_2673,-1000,1000
HMR_2674,-1000,1000
HMR_2676,-1000,1000
HMR_2679,-1000,1000
HMR_2682,-1000,1000
HMR_2683,-1000,1000
HMR_2685,-1000,1000
HMR_2688,-1000,1000
HMR_2689,-1000,1000
HMR_2691,-1000,1000
HMR_2692,-1000,1000
HMR_2695,-1000,1000
HMR_2697,-1000,1000
HMR_2700,-1000,1000
HMR_2701,-1000,1000
HMR_2703,-1000,1000
HMR_2704,-1000,1000
HMR_2706,-1000,1000
HMR_2707,-1000,1000
HMR_2709,-1000,1000
HMR_2710,-1000,1000
HMR_2712,-1000,1000
HMR_2713,-1000,1000
HMR_2715,-1000,1000
HMR_2716,-1000,1000
HMR_2718,-1000,1000
HMR_2719,-1000,1000
HMR_2722,-1000,1000
HMR_2727,-1000,1000
HMR_2729,-1000,1000
HMR_2731,-1000,1000
HMR_2732,-1000,1000
HMR_2734,-1000,1000
HMR_2735,-1000,1000
HMR_2737,-1000,1000
HMR_2738,-1000,1000
HMR_2740,-1000,1000
HMR_2741,-1000,1000
HMR_2744,-1000,1000
HMR_2745,0,1000
HMR_2748,-1000,1000
HMR_2750,-1000,1000
HMR_2753,-1000,1000
HMR_2757,-1000,1000
HMR_2760,-1000,1000
HMR_2761,-1000,1000
HMR_2764,-1000,1000
HMR_2766,-1000,1000
HMR_2769,-1000,1000
HMR_2770,-1000,1000
HMR_2772,-1000,1000
HMR_2773,-1000,1000
HMR_2775,-1000,1000
HMR_2776,-1000,1000
HMR_3033,-1000,1000
HMR_3035,-1000,1000
HMR_2783,-1000,1000
HMR_2785,-1000,1000
HMR_0001,0,1000
HMR_0003,0,1000
HMR_0605,0,1000
HMR_0665,0,1000
HMR_0667,0,1000
HMR_0668,0,1000
HMR_0669,0,1000
HMR_0670,0,1000
HMR_0671,0,1000
HMR_0672,0,1000
HMR_0683,0,1000
HMR_7588,0,1000
HMR_3053,0,1000
HMR_3056,0,1000
HMR_3326,0,1000
HMR_3327,0,1000
HMR_3328,0,1000
HMR_3329,0,1000
HMR_3481,-1000,1000
HMR_3489,-1000,1000
HMR_3107,0,1000
HMR_3108,0,1000
HMR_3109,0,1000
HMR_3110,0,1000
HMR_3111,0,1000
HMR_3112,0,1000
HMR_3113,0,1000
HMR_3114,0,1000
HMR_3115,0,1000
HMR_3116,0,1000
HMR_3117,0,1000
HMR_3118,0,1000
HMR_3121,0,1000
HMR_3122,0,1000
HMR_3123,0,1000
HMR_3125,0,1000
HMR_3128,0,1000
HMR_3130,0,1000
HMR_3132,0,1000
HMR_3135,0,1000
HMR_3137,0,1000
HMR_3139,0,1000
HMR_3142,0,1000
HMR_3144,0,1000
HMR_3146,0,1000
HMR_3149,0,1000
HMR_3150,0,1000
HMR_3151,0,1000
HMR_3153,0,1000
HMR_3157,0,1000
HMR_3158,0,1000
HMR_3160,0,1000
HMR_3398,0,1000
HMR_3406,0,1000
HMR_3407,0,1000
HMR_3408,0,1000
HMR_3409,0,1000
HMR_3411,0,1000
HMR_3413,0,1000
HMR_3414,0,1000
HMR_3416,0,1000
HMR_3421,0,1000
HMR_3422,0,1000
HMR_3423,0,1000
HMR_3424,0,1000
HMR_3425,0,1000
HMR_3426,0,1000
HMR_9719,0,1000
HMR_3427,0,1000
HMR_3428,0,1000
HMR_3429,0,1000
HMR_3430,0,1000
HMR_3431,0,1000
HMR_3432,0,1000
HMR_3433,0,1000
HMR_3170,0,1000
HMR_3171,0,1000
HMR_3172,0,1000
HMR_3173,0,1000
HMR_3174,0,1000
HMR_3175,0,1000
HMR_3176,0,1000
HMR_3177,0,1000
HMR_3178,0,1000
HMR_3179,0,1000
HMR_3180,0,1000
HMR_3181,0,1000
HMR_3182,0,1000
HMR_3183,0,1000
HMR_3184,0,1000
HMR_3185,0,1000
HMR_3186,0,1000
HMR_3187,0,1000
HMR_3188,0,1000
HMR_3189,0,1000
HMR_3190,0,1000
HMR_3191,0,1000
HMR_3192,0,1000
HMR_3193,0,1000
HMR_3194,0,1000
HMR_3195,0,1000
HMR_3196,0,1000
HMR_3197,0,1000
HMR_3198,0,1000
HMR_3199,0,1000
HMR_3200,0,1000
HMR_3201,0,1000
HMR_3202,0,1000
HMR_3203,0,1000
HMR_3204,0,1000
HMR_3205,0,1000
HMR_3396,0,1000
HMR_3397,0,1000
HMR_3240,0,1000
HMR_3241,0,1000
HMR_3242,0,1000
HMR_3243,0,1000
HMR_3244,0,1000
HMR_3245,0,1000
HMR_3246,0,1000
HMR_3247,0,1000
HMR_3250,0,1000
HMR_3252,0,1000
HMR_3254,0,1000
HMR_3256,0,1000
HMR_3258,0,1000
HMR_3260,0,1000
HMR_3262,0,1000
HMR_3264,0,1000
HMR_3272,-1000,1000
HMR_3218,0,1000
HMR_3219,0,1000
HMR_3220,0,1000
HMR_3221,0,1000
HMR_3222,0,1000
HMR_3223,0,1000
HMR_3224,0,1000
HMR_3225,0,1000
HMR_3226,0,1000
HMR_3227,0,1000
HMR_3228,0,1000
HMR_3229,0,1000
HMR_3230,0,1000
HMR_3231,0,1000
HMR_3232,0,1000
HMR_3233,0,1000
HMR_3234,0,1000
HMR_3235,0,1000
HMR_3236,0,1000
HMR_3237,0,1000
HMR_3239,-1000,1000
HMR_3275,0,1000
HMR_3277,0,1000
HMR_3278,0,1000
HMR_3279,0,1000
HMR_3280,0,1000
HMR_3281,0,1000
HMR_3282,0,1000
HMR_3283,0,1000
HMR_3284,0,1000
HMR_3285,0,1000
HMR_3286,0,1000
HMR_3287,0,1000
HMR_3288,0,1000
HMR_3290,0,1000
HMR_3292,0,1000
HMR_3293,0,1000
HMR_3294,0,1000
HMR_3296,0,1000
HMR_3298,-1000,1000
HMR_1181,-1000,1000
HMR_1220,-1000,1000
HMR_1221,-1000,1000
HMR_1222,-1000,1000
HMR_6901,0,1000
HMR_6903,0,1000
HMR_6905,0,1000
HMR_6906,0,1000
HMR_1651,-1000,1000
HMR_2002,-1000,1000
HMR_2003,-1000,1000
HMR_4766,0,1000
HMR_7648,0,1000
HMR_7959,0,1000
HMR_7962,0,1000
HMR_7965,0,1000
HMR_7968,0,1000
HMR_2041,0,1000
HMR_7970,0,1000
HMR_7971,0,1000
HMR_7984,0,1000
HMR_7987,0,1000
HMR_1973,0,1000
HMR_1974,0,1000
HMR_1976,0,1000
HMR_1977,0,1000
HMR_2014,-1000,1000
HMR_2015,-1000,1000
HMR_2016,0,1000
HMR_2017,0,1000
HMR_2018,0,1000
HMR_2019,0,1000
HMR_1440,0,1000
HMR_1445,0,1000
HMR_1448,-1000,1000
HMR_1454,0,1000
HMR_1465,-1000,1000
HMR_1467,0,1000
HMR_1470,0,1000
HMR_1473,0,1000
HMR_1477,0,1000
HMR_1478,0,1000
HMR_1479,0,1000
HMR_1484,0,1000
HMR_1490,0,1000
HMR_1493,0,1000
HMR_1494,0,1000
HMR_1495,0,1000
HMR_1496,0,1000
HMR_1500,-1000,1000
HMR_1502,0,1000
HMR_1503,0,1000
HMR_1504,0,1000
HMR_1505,0,1000
HMR_1509,0,1000
HMR_1512,0,1000
HMR_1516,0,1000
HMR_1519,0,1000
HMR_1526,0,1000
HMR_1533,0,1000
HMR_1557,0,1000
HMR_1558,0,1000
HMR_1565,0,1000
HMR_1535,0,1000
HMR_1536,0,1000
HMR_1538,0,1000
HMR_1539,0,1000
HMR_1540,0,1000
HMR_1543,0,1000
HMR_1544,0,1000
HMR_1545,0,1000
HMR_1546,0,1000
HMR_1547,0,1000
HMR_1548,0,1000
HMR_1549,0,1000
HMR_1550,0,1000
HMR_1551,0,1000
HMR_1552,0,1000
HMR_1553,0,1000
HMR_1437,0,1000
HMR_1451,0,1000
HMR_1457,0,1000
HMR_1460,0,1000
HMR_1570,0,1000
HMR_3105,-1000,1000
HMR_4630,0,1000
HMR_2036,0,1000
HMR_2038,0,1000
HMR_2044,-1000,1000
HMR_2045,-1000,1000
HMR_2048,-1000,1000
HMR_2052,-1000,1000
HMR_2058,-1000,1000
HMR_2059,-1000,1000
HMR_2060,-1000,1000
HMR_2061,-1000,1000
HMR_2063,-1000,1000
HMR_2068,-1000,1000
HMR_2069,-1000,1000
HMR_2070,-1000,1000
HMR_2071,-1000,1000
HMR_2072,-1000,1000
HMR_2073,-1000,1000
HMR_2074,-1000,1000
HMR_2075,-1000,1000
HMR_2076,-1000,1000
HMR_2078,-1000,1000
HMR_2083,-1000,1000
HMR_2084,-1000,1000
HMR_2085,-1000,1000
HMR_2086,-1000,1000
HMR_2088,-1000,1000
HMR_2089,-1000,1000
HMR_2095,-1000,1000
HMR_2096,-1000,1000
HMR_2097,-1000,1000
HMR_2098,-1000,1000
HMR_2099,-1000,1000
HMR_2100,-1000,1000
HMR_2106,-1000,1000
HMR_2107,-1000,1000
HMR_2108,-1000,1000
HMR_2109,-1000,1000
HMR_2110,-1000,1000
HMR_2111,-1000,1000
HMR_2112,-1000,1000
HMR_2113,-1000,1000
HMR_3540,0,1000
HMR_3545,0,1000
HMR_3547,0,1000
HMR_3551,0,1000
HMR_3552,0,1000
HMR_3554,0,1000
HMR_3574,0,1000
HMR_3575,0,1000
HMR_3576,0,1000
HMR_3577,0,1000
HMR_3578,0,1000
HMR_3581,0,1000
HMR_3586,0,1000
HMR_3587,0,1000
HMR_3588,0,1000
HMR_3589,0,1000
HMR_3590,0,1000
HMR_3593,0,1000
HMR_3625,0,1000
HMR_3626,0,1000
HMR_3627,0,1000
HMR_3628,0,1000
HMR_3629,0,1000
HMR_3630,0,1000
HMR_3631,0,1000
HMR_3632,0,1000
HMR_3633,0,1000
HMR_3634,0,1000
HMR_3635,0,1000
HMR_3636,0,1000
HMR_3637,0,1000
HMR_3638,0,1000
HMR_3639,0,1000
HMR_3640,0,1000
HMR_3641,0,1000
HMR_3642,0,1000
HMR_3644,0,1000
HMR_3645,0,1000
HMR_3646,0,1000
HMR_3647,0,1000
HMR_3648,0,1000
HMR_3649,0,1000
HMR_3650,0,1000
HMR_3651,0,1000
HMR_3652,0,1000
HMR_3653,0,1000
HMR_3654,0,1000
HMR_3655,0,1000
HMR_3656,0,1000
HMR_3657,0,1000
HMR_3658,0,1000
HMR_3659,0,1000
HMR_3660,0,1000
HMR_3661,0,1000
HMR_3662,0,1000
HMR_3663,0,1000
HMR_3664,0,1000
HMR_3665,0,1000
HMR_3666,0,1000
HMR_3667,0,1000
HMR_3668,0,1000
HMR_3669,0,1000
HMR_3670,0,1000
HMR_3671,0,1000
HMR_3672,0,1000
HMR_3673,0,1000
HMR_3674,0,1000
HMR_3675,0,1000
HMR_3676,0,1000
HMR_3677,0,1000
HMR_3678,0,1000
HMR_3679,0,1000
HMR_3680,0,1000
HMR_3681,0,1000
HMR_3682,0,1000
HMR_3683,0,1000
HMR_3684,0,1000
HMR_3685,0,1000
HMR_3686,0,1000
HMR_3687,0,1000
HMR_3688,0,1000
HMR_3689,0,1000
HMR_3690,0,1000
HMR_3691,0,1000
HMR_3692,0,1000
HMR_3693,0,1000
HMR_3694,0,1000
HMR_3695,0,1000
HMR_3696,0,1000
HMR_3697,0,1000
HMR_3698,0,1000
HMR_3699,0,1000
HMR_3700,0,1000
HMR_3701,0,1000
HMR_3703,0,1000
HMR_3704,0,1000
HMR_3705,0,1000
HMR_3706,0,1000
HMR_3707,0,1000
HMR_3708,0,1000
HMR_3709,0,1000
HMR_3710,0,1000
HMR_3711,0,1000
HMR_3712,0,1000
HMR_3713,0,1000
HMR_3714,0,1000
HMR_3715,0,1000
HMR_3716,0,1000
HMR_3717,0,1000
HMR_3718,0,1000
HMR_3719,0,1000
HMR_3720,0,1000
HMR_3721,0,1000
HMR_3722,0,1000
HMR_3723,0,1000
HMR_3724,0,1000
HMR_3725,0,1000
HMR_3726,0,1000
HMR_3727,0,1000
HMR_3728,0,1000
HMR_3729,0,1000
HMR_3732,0,1000
HMR_3733,0,1000
HMR_3734,0,1000
HMR_3735,0,1000
HMR_3736,0,1000
HMR_3737,0,1000
HMR_3738,0,1000
HMR_3739,0,1000
HMR_3740,0,1000
HMR_3741,0,1000
HMR_0738,0,1000
HMR_0741,0,1000
HMR_0746,0,1000
HMR_0750,0,1000
HMR_0753,-1000,1000
HMR_0754,0,1000
HMR_0758,0,1000
HMR_0760,0,1000
HMR_0762,0,1000
HMR_0765,0,1000
HMR_0766,0,1000
HMR_0767,0,1000
HMR_0775,0,1000
HMR_0783,0,1000
HMR_0795,0,1000
HMR_8211,0,1000
HMR_8217,0,1000
HMR_8219,0,1000
HMR_8220,0,1000
HMR_8248,0,1000
HMR_0453,-1000,1000
HMR_0456,0,1000
HMR_0458,0,1000
HMR_0459,0,1000
HMR_0486,0,1000
HMR_0487,0,1000
HMR_0488,0,1000
HMR_0489,0,1000
HMR_0490,0,1000
HMR_0491,0,1000
HMR_0492,0,1000
HMR_0493,0,1000
HMR_0494,0,1000
HMR_0495,0,1000
HMR_0496,0,1000
HMR_0497,0,1000
HMR_0498,0,1000
HMR_0499,0,1000
HMR_0500,0,1000
HMR_0501,0,1000
HMR_0502,0,1000
HMR_0503,0,1000
HMR_0504,0,1000
HMR_0505,0,1000
HMR_0506,0,1000
HMR_0507,0,1000
HMR_0508,0,1000
HMR_0509,0,1000
HMR_0510,0,1000
HMR_0511,0,1000
HMR_0512,0,1000
HMR_0513,0,1000
HMR_0514,0,1000
HMR_0515,0,1000
HMR_0516,0,1000
HMR_0517,0,1000
HMR_0518,0,1000
HMR_0519,0,1000
HMR_0520,0,1000
HMR_0521,0,1000
HMR_0522,0,1000
HMR_0523,0,1000
HMR_0524,0,1000
HMR_0525,0,1000
HMR_0526,0,1000
HMR_0527,0,1000
HMR_0528,0,1000
HMR_0529,0,1000
HMR_0530,0,1000
HMR_0531,0,1000
HMR_0532,0,1000
HMR_0533,0,1000
HMR_0534,0,1000
HMR_0535,0,1000
HMR_0536,0,1000
HMR_0537,0,1000
HMR_0538,0,1000
HMR_0539,0,1000
HMR_0540,0,1000
HMR_0541,0,1000
HMR_0542,0,1000
HMR_0543,0,1000
HMR_0544,0,1000
HMR_0588,0,1000
HMR_0596,0,1000
HMR_5254,0,1000
HMR_0468,0,1000
HMR_0579,0,1000
HMR_0580,0,1000
HMR_0581,0,1000
HMR_0589,0,1000
HMR_0590,0,1000
HMR_0591,0,1000
HMR_0592,0,1000
HMR_0593,0,1000
HMR_0594,0,1000
HMR_0597,0,1000
HMR_0598,0,1000
HMR_0599,0,1000
HMR_0600,0,1000
HMR_0601,0,1000
HMR_0602,0,1000
HMR_0610,0,1000
HMR_0623,0,1000
HMR_0625,0,1000
HMR_0629,0,1000
HMR_0630,0,1000
HMR_0633,0,1000
HMR_0636,0,1000
HMR_0642,0,1000
HMR_0643,0,1000
HMR_0645,0,1000
HMR_0648,0,1000
HMR_0651,0,1000
HMR_0653,0,1000
HMR_0654,0,1000
HMR_0657,0,1000
HMR_0660,0,1000
HMR_7591,-1000,1000
HMR_7594,0,1000
HMR_7597,0,1000
HMR_7611,0,1000
HMR_8518,0,1000
HMR_8523,0,1000
HMR_8525,0,1000
HMR_0815,0,1000
HMR_0821,0,1000
HMR_0827,0,1000
HMR_0828,0,1000
HMR_0803,0,1000
HMR_0807,0,1000
HMR_0859,0,1000
HMR_0875,0,1000
HMR_0889,0,1000
HMR_0890,0,1000
HMR_0891,0,1000
HMR_0892,0,1000
HMR_0787,0,1000
HMR_0797,0,1000
HMR_0804,0,1000
HMR_0808,0,1000
HMR_0835,0,1000
HMR_0836,0,1000
HMR_0924,0,1000
HMR_0925,0,1000
HMR_0926,0,1000
HMR_1312,0,1000
HMR_1325,0,1000
HMR_1326,0,1000
HMR_1327,0,1000
HMR_1329,-1000,1000
HMR_1334,-1000,1000
HMR_1367,-1000,1000
HMR_1370,-1000,1000
HMR_1379,-1000,1000
HMR_1382,-1000,1000
HMR_1384,-1000,1000
HMR_1387,-1000,1000
HMR_1394,-1000,1000
HMR_1398,-1000,1000
HMR_7598,0,1000
HMR_7600,0,1000
HMR_7602,0,1000
HMR_7603,0,1000
HMR_7610,-1000,1000
HMR_7615,0,1000
HMR_0025,0,1000
HMR_0030,0,1000
HMR_7200,0,1000
HMR_7202,0,1000
HMR_7203,0,1000
HMR_7205,0,1000
HMR_7206,0,1000
HMR_7490,0,1000
HMR_7491,0,1000
HMR_7493,0,1000
HMR_7494,0,1000
HMR_7495,0,1000
HMR_7496,0,1000
HMR_7519,0,1000
HMR_7520,0,1000
HMR_7521,0,1000
HMR_7534,0,1000
HMR_7535,0,1000
HMR_7536,0,1000
HMR_7501,0,1000
HMR_7502,0,1000
HMR_7503,0,1000
HMR_7504,0,1000
HMR_7505,0,1000
HMR_7506,0,1000
HMR_7507,0,1000
HMR_7513,0,1000
HMR_7514,0,1000
HMR_7515,0,1000
HMR_7516,0,1000
HMR_7517,0,1000
HMR_7525,0,1000
HMR_7526,0,1000
HMR_7527,0,1000
HMR_7528,0,1000
HMR_7529,0,1000
HMR_7530,0,1000
HMR_7531,0,1000
HMR_7532,0,1000
HMR_7541,0,1000
HMR_7542,0,1000
HMR_7543,0,1000
HMR_7544,0,1000
HMR_7545,0,1000
HMR_7546,0,1000
HMR_7547,0,1000
HMR_7548,0,1000
HMR_7549,0,1000
HMR_7557,0,1000
HMR_7559,0,1000
HMR_7562,0,1000
HMR_7563,0,1000
HMR_7564,0,1000
HMR_7565,0,1000
HMR_7566,0,1000
HMR_7571,0,1000
HMR_7572,0,1000
HMR_7573,0,1000
HMR_7335,0,1000
HMR_7336,0,1000
HMR_7337,0,1000
HMR_7338,0,1000
HMR_7339,0,1000
HMR_7340,0,1000
HMR_7341,0,1000
HMR_7342,0,1000
HMR_7343,0,1000
HMR_7344,0,1000
HMR_7345,0,1000
HMR_7346,0,1000
HMR_7347,0,1000
HMR_7348,0,1000
HMR_7349,0,1000
HMR_7350,0,1000
HMR_7351,0,1000
HMR_7352,0,1000
HMR_7353,0,1000
HMR_7354,0,1000
HMR_7355,0,1000
HMR_7356,0,1000
HMR_7357,0,1000
HMR_7358,0,1000
HMR_7359,0,1000
HMR_7360,0,1000
HMR_7361,0,1000
HMR_7362,0,1000
HMR_7363,0,1000
HMR_7364,0,1000
HMR_7365,0,1000
HMR_7366,0,1000
HMR_7367,0,1000
HMR_7368,0,1000
HMR_7369,0,1000
HMR_7370,0,1000
HMR_7442,0,1000
HMR_7443,0,1000
HMR_7444,0,1000
HMR_7445,0,1000
HMR_7446,0,1000
HMR_7447,0,1000
HMR_7448,0,1000
HMR_7449,0,1000
HMR_7450,0,1000
HMR_7451,0,1000
HMR_7471,0,1000
HMR_7472,0,1000
HMR_7473,0,1000
HMR_7474,0,1000
HMR_7475,0,1000
HMR_7476,0,1000
HMR_7477,0,1000
HMR_7478,0,1000
HMR_7479,0,1000
HMR_7480,0,1000
HMR_7373,0,1000
HMR_7375,0,1000
HMR_7376,0,1000
HMR_7377,0,1000
HMR_7378,0,1000
HMR_7379,0,1000
HMR_7380,0,1000
HMR_7381,0,1000
HMR_7382,0,1000
HMR_7383,0,1000
HMR_7384,0,1000
HMR_7385,0,1000
HMR_7386,0,1000
HMR_7387,0,1000
HMR_7388,0,1000
HMR_7389,0,1000
HMR_7390,0,1000
HMR_7391,0,1000
HMR_7392,0,1000
HMR_7393,0,1000
HMR_7394,0,1000
HMR_7395,0,1000
HMR_7396,0,1000
HMR_7397,0,1000
HMR_7398,0,1000
HMR_7399,0,1000
HMR_7400,0,1000
HMR_7401,0,1000
HMR_7402,0,1000
HMR_7403,0,1000
HMR_7404,0,1000
HMR_7405,0,1000
HMR_7406,0,1000
HMR_7407,0,1000
HMR_7408,0,1000
HMR_7409,0,1000
HMR_7410,0,1000
HMR_7411,0,1000
HMR_7412,0,1000
HMR_7413,0,1000
HMR_7414,0,1000
HMR_7415,0,1000
HMR_7416,0,1000
HMR_7417,0,1000
HMR_7418,0,1000
HMR_7419,0,1000
HMR_7420,0,1000
HMR_7421,0,1000
HMR_7422,0,1000
HMR_7423,0,1000
HMR_7424,0,1000
HMR_7425,0,1000
HMR_7426,0,1000
HMR_7427,0,1000
HMR_7455,0,1000
HMR_7456,0,1000
HMR_7457,0,1000
HMR_7458,0,1000
HMR_7459,0,1000
HMR_7460,0,1000
HMR_7461,0,1000
HMR_7462,0,1000
HMR_7463,0,1000
HMR_7464,0,1000
HMR_7465,0,1000
HMR_7466,0,1000
HMR_1622,0,1000
HMR_1625,0,1000
HMR_1632,0,1000
HMR_1639,0,1000
HMR_1652,0,1000
HMR_1656,-1000,1000
HMR_1659,0,1000
HMR_1660,0,1000
HMR_1662,0,1000
HMR_1663,0,1000
HMR_1673,0,1000
HMR_1676,0,1000
HMR_1684,-1000,1000
HMR_1692,-1000,1000
HMR_1694,-1000,1000
HMR_1697,0,1000
HMR_1701,-1000,1000
HMR_1706,0,1000
HMR_1708,0,1000
HMR_1710,0,1000
HMR_1718,0,1000
HMR_1776,0,1000
HMR_1813,-1000,1000
HMR_3799,0,1000
HMR_1870,0,1000
HMR_1878,0,1000
HMR_0712,0,1000
HMR_3992,-1000,1000
HMR_4252,0,1000
HMR_4254,-1000,1000
HMR_4262,-1000,1000
HMR_4264,0,1000
HMR_4269,0,1000
HMR_4270,0,1000
HMR_4662,0,1000
HMR_7676,0,1000
HMR_8791,-1000,1000
HMR_3871,0,1000
HMR_4058,0,1000
HMR_4715,0,1000
HMR_4718,0,1000
HMR_4723,0,1000
HMR_4725,0,1000
HMR_4727,-1000,1000
HMR_4734,0,1000
HMR_8792,0,1000
HMR_0663,0,1000
HMR_4308,0,1000
HMR_6540,0,1000
HMR_6545,0,1000
HMR_6546,0,1000
HMR_6547,0,1000
HMR_6554,0,1000
HMR_6557,0,1000
HMR_6571,0,1000
HMR_6572,0,1000
HMR_6579,0,1000
HMR_6587,0,1000
HMR_6591,0,1000
HMR_6592,0,1000
HMR_8808,0,1000
HMR_8811,0,1000
HMR_8815,0,1000
HMR_8826,0,1000
HMR_8830,0,1000
HMR_3925,-1000,1000
HMR_4332,-1000,1000
HMR_4333,-1000,1000
HMR_4335,-1000,1000
HMR_4338,0,1000
HMR_4440,-1000,1000
HMR_4442,-1000,1000
HMR_4444,-1000,1000
HMR_4503,-1000,1000
HMR_4505,-1000,1000
HMR_4654,-1000,1000
HMR_4655,-1000,1000
HMR_4656,0,1000
HMR_7908,0,1000
HMR_7909,0,1000
HMR_7910,0,1000
HMR_7911,0,1000
HMR_7912,0,1000
HMR_7913,0,1000
HMR_7916,0,1000
HMR_7919,0,1000
HMR_7920,0,1000
HMR_7921,0,1000
HMR_7922,0,1000
HMR_7925,0,1000
HMR_8105,0,1000
HMR_8106,0,1000
HMR_8107,0,1000
HMR_8108,0,1000
HMR_8109,0,1000
HMR_8110,0,1000
HMR_8112,0,1000
HMR_8113,0,1000
HMR_8114,0,1000
HMR_8115,0,1000
HMR_8116,0,1000
HMR_8117,0,1000
HMR_8129,0,1000
HMR_8130,0,1000
HMR_8132,0,1000
HMR_8133,0,1000
HMR_8135,0,1000
HMR_8136,0,1000
HMR_8137,0,1000
HMR_8138,0,1000
HMR_8139,0,1000
HMR_8140,0,1000
HMR_8141,0,1000
HMR_8142,0,1000
HMR_8144,-1000,1000
HMR_7672,0,1000
HMR_7673,0,1000
HMR_4160,0,1000
HMR_4163,0,1000
HMR_4165,-1000,1000
HMR_4166,0,1000
HMR_4167,0,1000
HMR_4523,-1000,1000
HMR_4539,-1000,1000
HMR_4540,-1000,1000
HMR_4541,-1000,1000
HMR_4542,-1000,1000
HMR_4543,-1000,1000
HMR_4544,-1000,1000
HMR_8538,0,1000
HMR_6396,0,1000
HMR_8345,-1000,1000
HMR_8349,0,1000
HMR_3991,0,1000
HMR_4657,0,1000
HMR_4744,0,1000
HMR_4746,0,1000
HMR_4748,0,1000
HMR_4750,0,1000
HMR_4752,0,1000
HMR_4764,0,1000
HMR_4771,-1000,1000
HMR_4772,0,1000
HMR_8634,0,1000
HMR_6630,0,1000
HMR_6631,0,1000
HMR_6632,0,1000
HMR_6633,0,1000
HMR_6634,0,1000
HMR_6636,0,1000
HMR_6638,-1000,1000
HMR_6641,0,1000
HMR_6642,0,1000
HMR_6643,0,1000
HMR_6646,0,1000
HMR_6647,0,1000
HMR_6649,0,1000
HMR_6650,0,1000
HMR_6651,0,1000
HMR_6652,-1000,1000
HMR_6654,0,1000
HMR_6655,0,1000
HMR_6656,0,1000
HMR_6657,0,1000
HMR_6658,0,1000
HMR_6659,-1000,1000
HMR_6661,-1000,1000
HMR_6664,0,1000
HMR_6665,0,1000
HMR_6668,-1000,1000
HMR_6669,0,1000
HMR_6674,-1000,1000
HMR_6675,-1000,1000
HMR_6676,-1000,1000
HMR_6677,0,1000
HMR_6678,0,1000
HMR_6679,0,1000
HMR_6680,0,1000
HMR_6682,0,1000
HMR_6687,0,1000
HMR_6690,-1000,1000
HMR_6691,-1000,1000
HMR_6692,-1000,1000
HMR_6693,-1000,1000
HMR_6700,0,1000
HMR_6701,0,1000
HMR_6702,0,1000
HMR_6703,0,1000
HMR_8698,-1000,1000
HMR_8713,0,1000
HMR_8717,0,1000
HMR_6506,0,1000
HMR_6507,0,1000
HMR_6508,0,1000
HMR_6511,0,1000
HMR_4558,0,1000
HMR_4559,0,1000
HMR_4561,-1000,1000
HMR_4563,0,1000
HMR_4204,0,1000
HMR_4208,0,1000
HMR_8748,0,1000
HMR_8613,0,1000
HMR_8615,-1000,1000
HMR_8616,-1000,1000
HMR_4065,0,1000
HMR_4066,0,1000
HMR_4068,0,1000
HMR_4071,-1000,1000
HMR_8724,0,1000
HMR_2129,0,1000
HMR_2131,0,1000
HMR_2133,0,1000
HMR_2134,0,1000
HMR_2135,0,1000
HMR_2136,0,1000
HMR_2137,0,1000
HMR_2138,0,1000
HMR_2139,0,1000
HMR_2140,0,1000
HMR_2142,0,1000
HMR_2143,0,1000
HMR_2144,0,1000
HMR_2145,0,1000
HMR_7999,0,1000
HMR_6426,0,1000
HMR_6428,0,1000
HMR_6432,0,1000
HMR_6433,0,1000
HMR_6434,0,1000
HMR_6435,0,1000
HMR_6436,0,1000
HMR_6441,0,1000
HMR_6443,0,1000
HMR_6447,0,1000
HMR_6448,0,1000
HMR_6450,0,1000
HMR_6451,0,1000
HMR_6453,0,1000
HMR_6464,0,1000
HMR_6466,0,1000
HMR_6470,0,1000
HMR_6471,0,1000
HMR_6472,0,1000
HMR_6473,0,1000
HMR_6476,0,1000
HMR_6478,0,1000
HMR_6482,0,1000
HMR_6484,0,1000
HMR_6486,0,1000
HMR_6488,0,1000
HMR_6490,0,1000
HMR_6492,-1000,1000
HMR_6495,0,1000
HMR_6496,0,1000
HMR_6993,0,1000
HMR_6995,-1000,1000
HMR_6996,-1000,1000
HMR_6998,0,1000
HMR_7002,0,1000
HMR_7003,0,1000
HMR_7004,0,1000
HMR_7005,0,1000
HMR_7013,0,1000
HMR_7014,0,1000
HMR_7022,0,1000
HMR_7023,0,1000
HMR_7024,0,1000
HMR_7025,0,1000
HMR_7026,0,1000
HMR_7027,0,1000
HMR_7028,0,1000
HMR_7029,0,1000
HMR_7033,0,1000
HMR_7034,0,1000
HMR_7035,0,1000
HMR_7038,0,1000
HMR_7039,0,1000
HMR_7040,0,1000
HMR_7041,0,1000
HMR_7042,0,1000
HMR_7048,-1000,1000
HMR_7050,0,1000
HMR_7059,0,1000
HMR_7065,0,1000
HMR_7066,0,1000
HMR_7078,0,1000
HMR_7079,0,1000
HMR_7080,0,1000
HMR_7081,0,1000
HMR_7082,0,1000
HMR_7083,0,1000
HMR_7084,0,1000
HMR_7088,0,1000
HMR_7089,0,1000
HMR_7099,0,1000
HMR_7100,0,1000
HMR_7103,0,1000
HMR_9569,0,1000
HMR_3955,0,1000
HMR_3984,0,1000
HMR_4201,0,1000
HMR_4202,0,1000
HMR_5363,0,1000
HMR_5406,-1000,1000
HMR_7794,0,1000
HMR_8617,0,1000
HMR_8752,0,1000
HMR_9474,0,1000
HMR_9488,0,1000
HMR_9489,0,1000
HMR_9571,0,1000
HMR_9572,0,1000
HMR_9577,0,1000
HMR_9578,0,1000
HMR_0553,0,1000
HMR_0561,0,1000
HMR_5247,0,1000
HMR_0006,0,1000
HMR_0015,0,1000
HMR_0019,0,1000
HMR_0155,-1000,1000
HMR_0164,-1000,1000
HMR_0167,-1000,1000
HMR_0170,-1000,1000
HMR_0173,-1000,1000
HMR_0176,-1000,1000
HMR_0179,-1000,1000
HMR_0183,-1000,1000
HMR_0187,0,1000
HMR_0190,0,1000
HMR_0191,0,1000
HMR_0195,0,1000
HMR_0199,0,1000
HMR_0203,0,1000
HMR_0208,0,1000
HMR_0212,0,1000
HMR_0216,0,1000
HMR_0225,0,1000
HMR_0232,0,1000
HMR_0236,0,1000
HMR_0240,0,1000
HMR_0244,0,1000
HMR_0248,0,1000
HMR_0254,0,1000
HMR_0258,0,1000
HMR_0262,0,1000
HMR_0266,0,1000
HMR_0270,0,1000
HMR_0274,0,1000
HMR_0278,0,1000
HMR_0282,0,1000
HMR_0288,0,1000
HMR_0292,0,1000
HMR_0296,0,1000
HMR_0300,0,1000
HMR_0304,0,1000
HMR_0308,0,1000
HMR_0312,0,1000
HMR_0318,0,1000
HMR_0322,0,1000
HMR_0326,0,1000
HMR_0330,0,1000
HMR_0336,0,1000
HMR_0340,0,1000
HMR_0344,0,1000
HMR_0348,0,1000
HMR_0352,0,1000
HMR_0356,0,1000
HMR_0360,0,1000
HMR_0364,0,1000
HMR_0368,0,1000
HMR_0372,0,1000
HMR_0376,0,1000
HMR_0380,0,1000
HMR_0384,0,1000
HMR_0388,0,1000
HMR_0392,0,1000
HMR_0396,0,1000
HMR_0400,0,1000
HMR_0404,0,1000
HMR_0408,0,1000
HMR_0412,0,1000
HMR_0416,0,1000
HMR_0420,0,1000
HMR_0424,0,1000
HMR_0428,0,1000
HMR_0432,0,1000
HMR_0436,0,1000
HMR_0782,-1000,1000
HMR_3858,0,1000
HMR_3959,-1000,1000
HMR_4844,-1000,1000
HMR_4858,-1000,1000
HMR_4885,-1000,1000
HMR_4896,-1000,1000
HMR_4911,0,1000
HMR_4912,0,1000
HMR_4919,-1000,1000
HMR_4928,0,1000
HMR_4932,0,1000
HMR_4935,0,1000
HMR_4947,-1000,1000
HMR_4954,-1000,1000
HMR_4956,0,1000
HMR_4969,-1000,1000
HMR_4973,-1000,1000
HMR_4976,0,1000
HMR_4993,-1000,1000
HMR_4996,0,1000
HMR_5000,-1000,1000
HMR_5003,-1000,1000
HMR_5008,-1000,1000
HMR_5018,0,1000
HMR_5029,-1000,1000
HMR_5032,-1000,1000
HMR_5034,-1000,1000
HMR_5035,-1000,1000
HMR_5037,-1000,1000
HMR_5042,-1000,1000
HMR_5070,-1000,1000
HMR_5073,0,1000
HMR_5074,-1000,1000
HMR_5076,0,1000
HMR_5077,0,1000
HMR_5078,-1000,1000
HMR_5079,0,1000
HMR_5080,-1000,1000
HMR_5082,-1000,1000
HMR_5084,0,1000
HMR_5085,-1000,1000
HMR_5087,0,1000
HMR_5088,0,1000
HMR_5089,-1000,1000
HMR_5091,0,1000
HMR_5092,-1000,1000
HMR_5215,-1000,1000
HMR_5219,-1000,1000
HMR_5241,0,1000
HMR_5246,0,1000
HMR_5295,0,1000
HMR_5296,-1000,1000
HMR_5303,-1000,1000
HMR_5305,0,1000
HMR_5308,0,1000
HMR_5315,0,1000
HMR_5413,0,1000
HMR_5429,0,1000
HMR_5458,-1000,1000
HMR_5459,-1000,1000
HMR_5460,-1000,1000
HMR_5461,-1000,1000
HMR_5462,-1000,1000
HMR_5463,-1000,1000
HMR_5464,-1000,1000
HMR_5465,-1000,1000
HMR_5466,-1000,1000
HMR_5467,-1000,1000
HMR_5468,-1000,1000
HMR_5469,-1000,1000
HMR_5470,-1000,1000
HMR_5471,-1000,1000
HMR_5472,-1000,1000
HMR_5473,-1000,1000
HMR_5474,-1000,1000
HMR_5475,-1000,1000
HMR_5476,-1000,1000
HMR_5477,-1000,1000
HMR_5478,-1000,1000
HMR_5479,-1000,1000
HMR_5480,-1000,1000
HMR_5481,-1000,1000
HMR_5482,-1000,1000
HMR_5483,-1000,1000
HMR_5484,-1000,1000
HMR_5485,-1000,1000
HMR_5486,-1000,1000
HMR_5487,-1000,1000
HMR_5488,-1000,1000
HMR_5489,-1000,1000
HMR_5490,-1000,1000
HMR_5491,-1000,1000
HMR_5492,-1000,1000
HMR_5493,-1000,1000
HMR_5494,-1000,1000
HMR_5495,-1000,1000
HMR_5496,-1000,1000
HMR_5497,-1000,1000
HMR_5498,-1000,1000
HMR_5499,-1000,1000
HMR_5500,-1000,1000
HMR_5501,-1000,1000
HMR_5502,-1000,1000
HMR_5503,-1000,1000
HMR_5504,-1000,1000
HMR_5505,-1000,1000
HMR_5506,-1000,1000
HMR_5507,-1000,1000
HMR_5508,-1000,1000
HMR_5509,-1000,1000
HMR_5510,-1000,1000
HMR_5511,-1000,1000
HMR_5512,-1000,1000
HMR_5513,-1000,1000
HMR_5514,-1000,1000
HMR_5515,-1000,1000
HMR_5516,-1000,1000
HMR_5517,-1000,1000
HMR_5518,-1000,1000
HMR_5519,-1000,1000
HMR_5520,-1000,1000
HMR_5521,-1000,1000
HMR_5522,-1000,1000
HMR_5523,-1000,1000
HMR_5524,-1000,1000
HMR_5525,-1000,1000
HMR_5526,-1000,1000
HMR_5527,-1000,1000
HMR_5528,-1000,1000
HMR_5529,-1000,1000
HMR_5530,-1000,1000
HMR_5531,-1000,1000
HMR_5532,-1000,1000
HMR_5533,-1000,1000
HMR_5534,-1000,1000
HMR_5535,-1000,1000
HMR_5536,-1000,1000
HMR_5537,-1000,1000
HMR_5538,-1000,1000
HMR_5539,-1000,1000
HMR_5540,-1000,1000
HMR_5541,-1000,1000
HMR_5542,-1000,1000
HMR_5543,-1000,1000
HMR_5544,-1000,1000
HMR_5545,-1000,1000
HMR_5546,-1000,1000
HMR_5547,-1000,1000
HMR_5548,-1000,1000
HMR_5549,-1000,1000
HMR_5551,-1000,1000
HMR_5552,-1000,1000
HMR_5553,-1000,1000
HMR_5554,-1000,1000
HMR_5555,-1000,1000
HMR_5556,-1000,1000
HMR_5557,-1000,1000
HMR_5558,-1000,1000
HMR_5559,-1000,1000
HMR_5560,-1000,1000
HMR_5561,-1000,1000
HMR_5562,-1000,1000
HMR_5563,-1000,1000
HMR_5564,-1000,1000
HMR_5565,-1000,1000
HMR_5566,-1000,1000
HMR_5567,-1000,1000
HMR_5568,-1000,1000
HMR_5569,-1000,1000
HMR_5570,-1000,1000
HMR_5571,-1000,1000
HMR_5572,-1000,1000
HMR_5573,-1000,1000
HMR_5574,-1000,1000
HMR_5575,-1000,1000
HMR_5576,-1000,1000
HMR_5577,-1000,1000
HMR_5578,-1000,1000
HMR_5579,-1000,1000
HMR_5580,-1000,1000
HMR_5581,-1000,1000
HMR_5582,-1000,1000
HMR_5583,-1000,1000
HMR_5584,-1000,1000
HMR_5585,-1000,1000
HMR_5586,-1000,1000
HMR_5587,0,1000
HMR_5588,0,1000
HMR_5589,0,1000
HMR_5590,0,1000
HMR_5591,0,1000
HMR_5592,0,1000
HMR_5593,0,1000
HMR_5594,0,1000
HMR_5595,0,1000
HMR_5596,0,1000
HMR_5597,0,1000
HMR_5598,0,1000
HMR_5599,0,1000
HMR_5600,0,1000
HMR_5601,0,1000
HMR_5602,0,1000
HMR_5603,0,1000
HMR_5604,0,1000
HMR_5605,0,1000
HMR_5606,0,1000
HMR_5607,0,1000
HMR_5608,0,1000
HMR_5609,0,1000
HMR_5610,0,1000
HMR_5611,0,1000
HMR_5612,0,1000
HMR_5613,0,1000
HMR_5614,0,1000
HMR_5615,0,1000
HMR_5616,0,1000
HMR_5617,0,1000
HMR_5618,0,1000
HMR_5619,0,1000
HMR_5620,0,1000
HMR_5621,0,1000
HMR_5622,0,1000
HMR_5623,0,1000
HMR_5624,0,1000
HMR_5625,0,1000
HMR_5626,0,1000
HMR_5627,0,1000
HMR_5628,0,1000
HMR_5629,0,1000
HMR_5630,0,1000
HMR_5631,0,1000
HMR_5632,0,1000
HMR_5633,0,1000
HMR_5634,0,1000
HMR_5635,0,1000
HMR_5636,0,1000
HMR_5637,0,1000
HMR_5638,0,1000
HMR_5639,0,1000
HMR_5640,0,1000
HMR_5641,0,1000
HMR_5642,0,1000
HMR_5643,0,1000
HMR_5644,0,1000
HMR_5645,0,1000
HMR_5646,0,1000
HMR_5647,0,1000
HMR_5648,0,1000
HMR_5649,0,1000
HMR_5650,0,1000
HMR_5651,0,1000
HMR_5652,0,1000
HMR_5653,0,1000
HMR_5654,0,1000
HMR_5655,0,1000
HMR_5656,0,1000
HMR_5657,0,1000
HMR_5658,0,1000
HMR_5659,0,1000
HMR_5660,0,1000
HMR_5661,0,1000
HMR_5662,0,1000
HMR_5663,0,1000
HMR_5664,0,1000
HMR_5665,0,1000
HMR_5666,0,1000
HMR_5667,0,1000
HMR_5668,0,1000
HMR_5669,0,1000
HMR_5670,0,1000
HMR_5671,0,1000
HMR_5672,0,1000
HMR_5673,0,1000
HMR_5674,0,1000
HMR_5675,0,1000
HMR_5676,0,1000
HMR_5708,0,1000
HMR_5709,0,1000
HMR_5710,0,1000
HMR_5717,0,1000
HMR_5719,0,1000
HMR_5753,0,1000
HMR_5754,0,1000
HMR_5755,0,1000
HMR_5760,0,1000
HMR_5764,0,1000
HMR_5783,0,1000
HMR_5784,0,1000
HMR_5785,0,1000
HMR_5790,0,1000
HMR_5793,0,1000
HMR_5873,0,1000
HMR_5987,0,1000
HMR_5989,0,1000
HMR_5998,0,1000
HMR_6000,-1000,1000
HMR_6001,-1000,1000
HMR_6002,-1000,1000
HMR_6003,-1000,1000
HMR_6004,-1000,1000
HMR_6005,-1000,1000
HMR_6006,-1000,1000
HMR_6007,-1000,1000
HMR_6008,-1000,1000
HMR_6009,-1000,1000
HMR_6010,-1000,1000
HMR_6011,-1000,1000
HMR_6012,-1000,1000
HMR_6013,-1000,1000
HMR_6014,-1000,1000
HMR_6015,-1000,1000
HMR_6016,-1000,1000
HMR_6017,-1000,1000
HMR_6018,-1000,1000
HMR_6019,-1000,1000
HMR_6020,-1000,1000
HMR_6021,-1000,1000
HMR_6022,-1000,1000
HMR_6023,-1000,1000
HMR_6024,-1000,1000
HMR_6025,-1000,1000
HMR_6026,-1000,1000
HMR_6027,-1000,1000
HMR_6028,-1000,1000
HMR_6029,-1000,1000
HMR_6030,-1000,1000
HMR_6031,-1000,1000
HMR_6032,-1000,1000
HMR_6033,-1000,1000
HMR_6034,-1000,1000
HMR_6035,-1000,1000
HMR_6036,-1000,1000
HMR_6037,-1000,1000
HMR_6038,-1000,1000
HMR_6039,-1000,1000
HMR_6040,-1000,1000
HMR_6041,-1000,1000
HMR_6042,-1000,1000
HMR_6043,-1000,1000
HMR_6044,-1000,1000
HMR_6045,-1000,1000
HMR_6046,-1000,1000
HMR_6047,-1000,1000
HMR_6048,-1000,1000
HMR_6049,-1000,1000
HMR_6050,-1000,1000
HMR_6051,-1000,1000
HMR_6052,-1000,1000
HMR_6053,-1000,1000
HMR_6054,-1000,1000
HMR_6055,-1000,1000
HMR_6096,0,1000
HMR_6098,0,1000
HMR_6101,0,1000
HMR_6103,-1000,1000
HMR_6129,0,1000
HMR_6246,0,1000
HMR_6257,-1000,1000
HMR_6366,-1000,1000
HMR_6367,-1000,1000
HMR_6368,-1000,1000
HMR_6369,0,1000
HMR_6370,0,1000
HMR_6377,0,1000
HMR_6424,-1000,1000
HMR_6439,0,1000
HMR_6462,-1000,1000
HMR_6474,-1000,1000
HMR_6505,-1000,1000
HMR_6512,-1000,1000
HMR_6516,-1000,1000
HMR_6525,0,1000
HMR_6526,0,1000
HMR_7109,0,1000
HMR_7111,0,1000
HMR_7115,0,1000
HMR_7117,0,1000
HMR_7121,0,1000
HMR_7123,0,1000
HMR_7125,0,1000
HMR_7127,0,1000
HMR_7608,-1000,1000
HMR_7629,0,1000
HMR_7651,0,1000
HMR_7896,-1000,1000
HMR_7898,-1000,1000
HMR_7900,-1000,1000
HMR_7997,-1000,1000
HMR_8010,-1000,1000
HMR_8075,0,1000
HMR_8240,-1000,1000
HMR_8340,-1000,1000
HMR_8364,0,1000
HMR_8593,-1000,1000
HMR_8612,0,1000
HMR_8846,-1000,1000
HMR_8869,-1000,1000
HMR_8878,-1000,1000
HMR_8927,-1000,1000
HMR_9183,-1000,1000
HMR_9184,-1000,1000
HMR_9612,0,1000
HMR_4312,-1000,1000
HMR_9019,0,1000
HMR_0158,-1000,1000
HMR_0169,-1000,1000
HMR_0446,-1000,1000
HMR_0578,0,1000
HMR_0587,-1000,1000
HMR_0962,-1000,1000
HMR_1243,-1000,1000
HMR_2127,-1000,1000
HMR_2141,0,1000
HMR_3762,-1000,1000
HMR_3971,0,1000
HMR_4720,-1000,1000
HMR_4738,-1000,1000
HMR_4743,-1000,1000
HMR_4756,-1000,1000
HMR_4843,-1000,1000
HMR_4851,-1000,1000
HMR_4852,-1000,1000
HMR_4854,-1000,1000
HMR_4855,-1000,1000
HMR_4862,0,1000
HMR_4863,-1000,1000
HMR_4864,-1000,1000
HMR_4865,0,1000
HMR_4867,-1000,1000
HMR_4868,-1000,1000
HMR_4870,0,1000
HMR_4871,-1000,1000
HMR_4872,-1000,1000
HMR_4898,-1000,1000
HMR_4926,0,1000
HMR_4940,0,1000
HMR_4964,0,1000
HMR_4971,-1000,1000
HMR_4972,-1000,1000
HMR_4997,0,1000
HMR_5006,0,1000
HMR_5031,-1000,1000
HMR_5033,-1000,1000
HMR_5043,0,1000
HMR_5046,-1000,1000
HMR_5113,0,1000
HMR_5114,0,1000
HMR_5222,0,1000
HMR_5348,0,1000
HMR_5349,0,1000
HMR_5420,0,1000
HMR_6276,-1000,1000
HMR_6277,-1000,1000
HMR_6286,0,1000
HMR_6287,0,1000
HMR_6288,0,1000
HMR_6289,0,1000
HMR_6290,0,1000
HMR_6291,0,1000
HMR_6292,0,1000
HMR_6293,0,1000
HMR_6294,0,1000
HMR_6295,0,1000
HMR_6296,0,1000
HMR_6297,-1000,1000
HMR_6298,-1000,1000
HMR_6328,-1000,1000
HMR_6330,0,1000
HMR_6331,0,1000
HMR_6391,-1000,1000
HMR_6431,0,1000
HMR_6438,-1000,1000
HMR_6446,0,1000
HMR_6454,0,1000
HMR_6469,0,1000
HMR_6481,0,1000
HMR_6521,-1000,1000
HMR_6522,-1000,1000
HMR_6902,-1000,1000
HMR_7719,-1000,1000
HMR_7723,-1000,1000
HMR_7757,0,1000
HMR_7758,0,1000
HMR_7769,-1000,1000
HMR_7998,-1000,1000
HMR_8009,-1000,1000
HMR_8356,-1000,1000
HMR_8475,-1000,1000
HMR_8505,-1000,1000
HMR_8510,-1000,1000
HMR_8562,-1000,1000
HMR_8614,0,1000
HMR_8741,-1000,1000
HMR_8742,-1000,1000
HMR_8776,-1000,1000
HMR_8891,0,1000
HMR_0713,0,1000
HMR_1104,-1000,1000
HMR_1242,-1000,1000
HMR_1286,0,1000
HMR_2407,-1000,1000
HMR_2509,-1000,1000
HMR_3008,0,1000
HMR_3011,0,1000
HMR_3013,0,1000
HMR_3014,0,1000
HMR_3017,0,1000
HMR_3018,-1000,1000
HMR_3021,-1000,1000
HMR_3022,-1000,1000
HMR_3023,0,1000
HMR_3473,0,1000
HMR_4908,-1000,1000
HMR_4930,-1000,1000
HMR_6986,-1000,1000
HMR_7590,-1000,1000
HMR_7596,-1000,1000
HMR_8414,-1000,1000
HMR_2564,-1000,1000
HMR_7796,-1000,1000
HMR_7858,-1000,1000
HMR_8412,-1000,1000
HMR_8476,-1000,1000
HMR_8639,-1000,1000
HMR_8828,-1000,1000
HMR_0769,-1000,1000
HMR_0791,-1000,1000
HMR_0796,-1000,1000
HMR_1917,-1000,1000
HMR_3987,0,1000
HMR_4907,0,1000
HMR_4962,0,1000
HMR_5204,0,1000
HMR_5226,0,1000
HMR_7196,-1000,1000
HMR_7374,0,1000
HMR_7454,0,1000
HMR_7500,0,1000
HMR_7512,0,1000
HMR_7524,0,1000
HMR_7540,0,1000
HMR_7556,0,1000
HMR_7570,0,1000
HMR_7581,0,1000
HMR_7711,-1000,1000
HMR_7715,-1000,1000
HMR_7720,-1000,1000
HMR_7724,-1000,1000
HMR_7727,-1000,1000
HMR_7762,-1000,1000
HMR_7799,0,1000
HMR_7924,0,1000
HMR_8125,0,1000
HMR_8127,0,1000
HMR_8203,-1000,1000
HMR_8216,-1000,1000
HMR_8753,-1000,1000
HMR_3597,0,1000
HMR_5251,0,1000
HMR_5252,0,1000
HMR_7198,-1000,1000
HMR_7284,-1000,1000
HMR_0734,-1000,1000
HMR_0918,-1000,1000
HMR_1916,-1000,1000
HMR_4892,-1000,1000
HMR_7201,0,1000
HMR_7204,-1000,1000
HMR_7433,-1000,1000
HMR_7434,-1000,1000
HMR_7675,-1000,1000
HMR_7693,-1000,1000
HMR_7733,-1000,1000
HMR_7740,-1000,1000
HMR_7743,-1000,1000
HMR_8084,-1000,1000
HMR_8205,-1000,1000
HMR_8215,-1000,1000
HMR_7432,-1000,1000
HMR_7307,0,1000
HMR_0464,-1000,1000
HMR_0730,-1000,1000
HMR_2039,-1000,1000
HMR_4123,-1000,1000
HMR_4765,-1000,1000
HMR_4846,-1000,1000
HMR_4856,-1000,1000
HMR_4878,-1000,1000
HMR_4894,-1000,1000
HMR_4906,0,1000
HMR_5027,-1000,1000
HMR_6385,0,1000
HMR_6629,-1000,1000
HMR_7257,0,1000
HMR_7272,0,1000
HMR_7273,0,1000
HMR_7649,-1000,1000
HMR_7789,0,1000
HMR_8350,-1000,1000
HMR_8594,-1000,1000
HMR_8915,-1000,1000
HMR_9725,-1000,1000
HMR_0031,0,1000
HMR_0032,0,1000
34HPLFM,0,1000
3DPHBH1,0,1000
4HBZCOAFm,0,1000
4HBZFm,0,1000
AMACR2p,0,1000
AMY2e,0,1000
C14STRr,0,1000
C3STDH1Pr,0,1000
C3STDH1r,0,1000
C3STKR2r,0,1000
C4STMO1r,0,1000
C4STMO2Pr,0,1000
C4STMO2r,0,1000
CDS,0,1000
CITtam,-1000,1000
COUCOAFm,0,1000
DESAT16_2,0,1000
DESAT18_3,0,1000
DESAT18_4,0,1000
DESAT18_5,0,1000
DHCR243r,0,1000
DHCR71r,0,1000
DHCR72r,0,1000
DMATTx,0,1000
DPMVDx,0,1000
EBP1r,0,1000
EBP2r,0,1000
ELAIDCPT2,-1000,1000
ETF,0,1000
ETFQO,0,1000
FAEL183,0,1000
FAEL184,0,1000
FAEL204,0,1000
FAEL205,0,1000
FAOXC2051843m,0,1000
FAOXC226205m,0,1000
FAS80COA_L,0,1000
FCLTm,0,1000
GLDBRAN,0,1000
GRTTx,0,1000
HOXG,0,1000
HPYRR2x,0,1000
HSD17B42x,0,1000
HSD17B4x,0,1000
HSD17B7r,0,1000
IPDDIx,-1000,1000
LNSTLSr,0,1000
LRAT1,0,1000
LSTO1r,0,1000
LSTO2r,0,1000
MEVK1x,0,1000
PHETA1m,-1000,1000
PMEVKx,0,1000
RDH2a,0,1000
SCP2x,0,1000
SQLEr,0,1000
SQLSr,0,1000
T4HCINNMFM,0,1000
THCHOLSTOICtm,-1000,1000
TRDR2,0,1000
TRDR3,0,1000
r0170,-1000,1000
r0309,-1000,1000
r0310,0,1000
r0410,-1000,1000
r0510,0,1000
r0511,0,1000
r0575,-1000,1000
r0633,-1000,1000
r0638,-1000,1000
r0652,-1000,1000
r0672,-1000,1000
r0701,0,1000
r0735,-1000,1000
r0752,-1000,1000
r0753,0,1000
r0754,-1000,1000
r0755,0,1000
r0756,-1000,1000
r0757,0,1000
r0774,-1000,1000
r0780,-1000,1000
r0781,0,1000
r0783,-1000,1000
r0791,-1000,1000
r0913,-1000,1000
r0915,-1000,1000
r1024,0,1000
r1135,-1000,1000
r1147,-1000,1000
r1165,0,1000
r1186,0,1000
r1251,0,1000
r1252,0,1000
r1253,0,1000
r1259,0,1000
r1313,0,1000
r1314,0,1000
r1315,0,1000
r1316,0,1000
r1317,0,1000
r1380,-1000,1000
r1381,-1000,1000
r1411,0,1000
r1433,0,1000
r1481,0,1000
r2373,-1000,1000
r2374,-1000,1000
r2375,-1000,1000
r2376,-1000,1000
r2377,-1000,1000
r2378,-1000,1000
r2379,-1000,1000
r2380,-1000,1000
RE1309M,0,1000
RE1447N,-1000,1000
RE1804C,-1000,1000
RE1826C,0,1000
RE1836C,0,1000
RE1836X,0,1000
RE1860E,-1000,1000
RE1905C,0,1000
RE1906C,0,1000
RE2912M,0,1000
RE2977C,0,1000
RE2999M,-1000,1000
RE3000M,-1000,1000
RE3001M,-1000,1000
RE3003M,-1000,1000
RE3004M,-1000,1000
RE3005M,-1000,1000
RE3006M,-1000,1000
RE3074X,-1000,1000
RE3106R,-1000,1000
RE3110R,0,1000
RE3112R,-1000,1000
RE3113R,-1000,1000
RE3119R,-1000,1000
RE3120R,0,1000
RE3121R,-1000,1000
RE3122R,-1000,1000
RE3134C,-1000,1000
RE3147R,-1000,1000
RE3148C,0,1000
RE3158X,-1000,1000
RE3161R,0,1000
RE3162R,-1000,1000
RE3163R,-1000,1000
RE3164R,-1000,1000
RE3165R,0,1000
RE3166R,-1000,1000
RE3167R,-1000,1000
RE3168R,-1000,1000
RE3169R,-1000,1000
RE3170R,0,1000
RE3171R,-1000,1000
RE3172R,-1000,1000
RE3173R,-1000,1000
RE3174R,0,1000
RE3175R,-1000,1000
RE3176R,-1000,1000
RE3224R,0,1000
RE3225R,0,1000
RE3226R,0,1000
RE3227R,-1000,1000
RE3228R,-1000,1000
RE3229R,-1000,1000
RE3230R,-1000,1000
RE3231R,-1000,1000
RE3232R,-1000,1000
RE3234R,-1000,1000
RE3235R,-1000,1000
RE3236R,-1000,1000
RE3241C,0,1000
RE3241R,0,1000
RE3242R,-1000,1000
RE3243R,-1000,1000
RE3244R,-1000,1000
RE3335M,-1000,1000
RE3335R,-1000,1000
RE3335X,-1000,1000
RE3346C,-1000,1000
RE3346M,0,1000
RE3434C,0,1000
RE3446M,-1000,1000
RE3446R,-1000,1000
RE3446X,-1000,1000
RE3470C,-1000,1000
PIt8,-1000,1000
2MB2COAc,-1000,1000
3HBCOARc,-1000,1000
C141ACBP,-1000,1000
C142ACBP,-1000,1000
C162ACBP,-1000,1000
C16DCc,-1000,1000
FAOXC101C8m,0,1000
FAOXC102C101m,0,1000
FAOXC102C103m,0,1000
FAOXC102C81m,0,1000
FAOXC102m,0,1000
FAOXC103C102m,0,1000
FAOXC10C10OHm,0,1000
FAOXC122C101m,0,1000
FAOXC122m,0,1000
FAOXC123C102m,0,1000
FAOXC123m,0,1000
FAOXC12C12OHm,0,1000
FAOXC13C11m,0,1000
FAOXC141C121m,0,1000
FAOXC141C141OHm,0,1000
FAOXC142C122m,0,1000
FAOXC142C142OHm,0,1000
FAOXC143C123m,0,1000
FAOXC14C12m,0,1000
FAOXC14C14OHm,0,1000
FAOXC15C13m,0,1000
FAOXC161C141m,0,1000
FAOXC161C161OHm,0,1000
FAOXC162C142m,0,1000
FAOXC162C162OHm,0,1000
FAOXC163C143m,0,1000
FAOXC163C164Gm,0,1000
FAOXC163GC142m,0,1000
FAOXC163Gm,0,1000
FAOXC164C143m,0,1000
FAOXC164C165m,0,1000
FAOXC164GC163m,0,1000
FAOXC164m,0,1000
FAOXC165C164m,0,1000
FAOXC16C14m,0,1000
FAOXC16C16OHm,0,1000
FAOXC17C15m,0,1000
FAOXC182C162m,0,1000
FAOXC182C182OHm,0,1000
FAOXC183C163Gm,0,1000
FAOXC183C163m,0,1000
FAOXC184C163m,0,1000
FAOXC184C164m,0,1000
FAOXC184m,0,1000
FAOXC185C164m,0,1000
FAOXC185m,0,1000
FAOXC18C18OHm,0,1000
FAOXC204C184m,0,1000
FAOXC205C185m,0,1000
FAOXC225C204m,0,1000
FAOXC225C226m,0,1000
FAOXC225m,0,1000
FAOXC226C205m,0,1000
FAOXC226C225m,0,1000
FAOXC226C227m,0,1000
FAOXC226m,0,1000
FAOXC227C226m,0,1000
FAOXC61C4m,0,1000
FAOXC61m,0,1000
FAOXC81C61m,0,1000
FAOXTC101TC102m,0,1000
FAOXTC102C101m,0,1000
FAOXTC122TC101m,0,1000
FAOXTC122m,0,1000
FAOXTC142TC122m,0,1000
FAOXTC162TC142m,0,1000
FAOXTC182TC162m,0,1000
GLUTCOAACBP,-1000,1000
HDCACBP,-1000,1000
HDDACBP,-1000,1000
HDECAACBP,-1000,1000
HDECEACBP,-1000,1000
HEXDICOAACBP,-1000,1000
HEXDICOAACBPx,0,1000
HIVCACBP,-1000,1000
HOCDACBP,-1000,1000
HTDCACBP,-1000,1000
IVCOAACBP,0,1000
OCTDEC2ACBP,-1000,1000
SUCCACT,0,1000
34DHPHELAT1tc,0,1000
ALAALACNc,-1000,1000
GLYGLYCNc,-1000,1000
LEULEULAPc,-1000,1000
PROGLYPRO1c,-1000,1000
DGTPtm,0,1000
DSREDUCr,0,1000
DTMPKm,0,1000
FMNALKPle,0,1000
FRDPtcr,-1000,1000
G6PDH2c,0,1000
GNDc,0,1000
PGLc,0,1000
RPEc,-1000,1000
q10h2tc,-1000,1000
q10tm,-1000,1000
PNTOte,-1000,1000
HKYNRtr,-1000,1000
CARNtr,-1000,1000
DCMPtr,-1000,1000
GLYC3tr,-1000,1000
RIBFLVte,0,1000
BGLYte,-1000,1000
XOLEST204CEH,0,1000
5HPETtd,-1000,1000
C04717td,-1000,1000
CE5304t,-1000,1000
HMCARNt,-1000,1000
LNLCCRNtd,-1000,1000
DOPAc,0,1000
XOLEST204_HSte,-1000,1000
C16DCtr,-1000,1000
LNELDCCRNtr,-1000,1000
XOLEST204tl,-1000,1000
r2514m,-1000,1000
C181CPT2rbc,-1000,1000
PPPGOc,0,1000
ESTRr,0,1000
THCHOLSTOICt,-1000,1000
ACCOAL,0,1000
FCLTc,0,1000
GLYLEUHYDROc,-1000,1000
GLYPROPRO1c,-1000,1000
PPNCL3,0,1000
PHPYRte,-1000,1000
PHPYRtm,-1000,1000
2H3MVc,-1000,1000
2HIVc,-1000,1000
2M3OVCOAm,-1000,1000
C14770UPKt,0,1000
C14771UPKt,0,1000
THEXDDm,0,1000
HEXDTRm,0,1000
HPDECECOAm,0,1000
HPDECEm,0,1000
EIC21114TRc,0,1000
5EIPENCm,0,1000
MLTHFte3,0,1000
CE2705t,-1000,1000
HDD2CRNte2,0,1000
1A25DHVITD3te,0,1000
SUCSALtm,-1000,1000
SUCSALte,-1000,1000
ANDRSTANDRtr,0,1000
34DHPEAR,0,1000
NADPQNOXR,0,1000
NADQNOXR,0,1000
DACT,-1000,1000
CE5025t,0,1000
BGAL1e,0,1000
BGAL1l,0,1000
BGAL2l,0,1000
GA1tl,0,1000
GLA2l,0,1000
GLUSIDEtl,0,1000
GM1tl,0,1000
3HPVSTETCOAhcm,0,1000
3HPVSTETCOAhcx,0,1000
3HPVStep,-1000,1000
AM4N9CShc,0,1000
AM9CSAtep,-1000,1000
CRVSM1hr,0,1000
CRVSM23hr,0,1000
CVM1GLUChc,0,1000
CVM23GLUChc,0,1000
DEOXFVShc,0,1000
FVStep,-1000,1000
LSTN1GLUChr,0,1000
LSTNM7hr,0,1000
LSTNRATt,-1000,1000
PROFVSCOAhc,0,1000
SMVACIDhep,0,1000
SMVGLUChep,0,1000
3HPVSCOAitm,-1000,1000
3HPVSCOAitx,-1000,1000
FVSitx,-1000,1000
FVSCOAitx,-1000,1000
LSTNitr,-1000,1000
3HPVSCOAhc,0,1000
FVSCOAhc,0,1000
CYOOm3i,0,1000
HMR_10023,0,1000
HMR_10036,-1000,1000
HMR_10037,-1000,1000
HMR_10038,-1000,1000
HMR_10040,-1000,1000
HMR_10061,0,1000
HMR_10062,0,1000
HMR_10063,0,1000
HMR_10064,0,1000
HMR_10065,0,1000
biomass_human,0,1000
HMR_4352,-1000,1000
HMR_8566,0,1000
RE2426C,-1000,1000
HMR_3829,-1000,1000
HMR_3923,0,1000
HMR_4873,-1000,1000
HMR_6382,0,1000
HMR_4874,-1000,1000
HMR_4922,-1000,1000
HMR_5116,0,1000
HMR_5124,-1000,1000
10FTHFtm,-1000,1000
HMR_4143,0,1000
HMR_4957,0,1000
r0941,-1000,1000
HMR_4617,0,1000
HMR_8758,0,1000
HMR_4137,0,1000
HMR_5297,0,1000
HMR_3106,-1000,1000
HMR_4890,-1000,1000
HMR_4900,-1000,1000
HMR_4915,-1000,1000
Htx,-1000,1000
LACLt,0,1000
HMR_4282,0,1000
HMR_4735,-1000,1000
FAOXC241181x,0,1000
ODECOAtx,-1000,1000
HMR_2514,-1000,1000
HMR_2412,-1000,1000
HMR_2657,-1000,1000
HMR_5362,-1000,1000
ARACHCOAtx,-1000,1000
C161CPT22,-1000,1000
C226CRNt,-1000,1000
FACOAL1813,-1000,1000
FAOXC160,0,1000
FAOXC240200x,0,1000
FAOXC2452256x,0,1000
FAOXC246226x,0,1000
FAOXC260240x,0,1000
FAOXC80,0,1000
FAS140COA,0,1000
HMR_4861,-1000,1000
HMR_2368,0,1000
HMR_2714,-1000,1000
HMR_0638,0,1000
DESAT20_1,0,1000
HMR_0614,0,1000
THMtrbc,-1000,1000
HMR_4336,0,1000
HMR_4348,0,1000
HMR_8442,0,1000
HMR_3881,0,1000
HMR_6907,0,1000
HMR_6908,0,1000
HMR_6909,0,1000
HMR_6910,0,1000
HMR_0736,0,1000
HMR_0450,0,1000
HMR_0478,0,1000
HMR_0627,0,1000
HMR_0634,0,1000
HMR_0635,0,1000
HMR_0646,0,1000
HMR_2114,0,1000
HMR_2115,0,1000
HMR_6406,0,1000
HMR_5361,-1000,1000
HMR_4879,-1000,1000
HMR_4883,-1000,1000
HMR_5342,-1000,1000
HMR_8716,0,1000
BTNt4i,0,1000
CLS_hs,0,1000
DESAT20_2,0,1000
FOLt2,-1000,1000
Htr,-1000,1000
NMNATr,0,1000
PGPP_hs,0,1000
PGPPT,0,1000
r1078,0,1000
r1468,-1000,1000
HMR_10049,-1000,1000
HMR_7108,-1000,1000
HMR_7110,-1000,1000
HMR_7114,-1000,1000
HMR_7116,-1000,1000
HMR_7120,-1000,1000
HMR_7122,-1000,1000
HMR_7124,-1000,1000
HMR_7126,-1000,1000
HMR_9024,-1000,1000
HMR_9808,-1000,1000
HMR_9809,-1000,1000
HMR_9810,-1000,1000
HMR_9811,-1000,1000
HMR_9812,-1000,1000
HMR_9813,-1000,1000
HMR_9814,-1000,1000
HMR_9815,-1000,1000
HMR_9816,-1000,1000
HMR_9033,-1000,1000
HMR_9034,-1000,1000
HMR_9035,-1000,1000
HMR_9036,-1000,1000
HMR_9038,-1000,1000
HMR_9039,-1000,1000
HMR_9040,-1000,1000
HMR_9041,-1000,1000
HMR_9042,-1000,1000
HMR_9043,-1000,1000
HMR_9044,-1000,1000
HMR_9045,-1000,1000
HMR_9046,-1000,1000
HMR_9047,-1000,1000
HMR_9048,-1000,1000
HMR_9049,-1000,1000
HMR_9052,-1000,1000
HMR_9053,-1000,1000
HMR_9058,-1000,1000
HMR_9061,-1000,1000
HMR_9062,-1000,1000
HMR_9063,-1000,1000
HMR_9064,-1000,1000
HMR_9065,-1000,1000
HMR_9066,-1000,1000
HMR_9067,-1000,1000
HMR_9068,-1000,1000
HMR_9069,-1000,1000
HMR_9070,-1000,1000
HMR_9071,-1000,1000
HMR_9072,-1000,1000
HMR_9073,-1000,1000
HMR_9074,-1000,1000
HMR_9075,-1000,1000
HMR_9076,-1000,1000
HMR_9077,-1000,1000
HMR_9078,-1000,1000
HMR_9079,-1000,1000
HMR_9080,-1000,1000
HMR_9081,-1000,1000
HMR_9082,-1000,1000
HMR_9083,-1000,1000
HMR_9084,-1000,1000
HMR_9085,-1000,1000
HMR_9086,-1000,1000
HMR_9087,-1000,1000
HMR_9096,-1000,1000
HMR_9099,-1000,1000
HMR_9101,-1000,1000
HMR_9103,-1000,1000
HMR_9109,-1000,1000
HMR_9113,-1000,1000
HMR_9114,-1000,1000
HMR_9115,-1000,1000
HMR_9117,-1000,1000
HMR_9118,-1000,1000
HMR_9119,-1000,1000
HMR_9120,-1000,1000
HMR_9121,-1000,1000
HMR_9122,-1000,1000
HMR_9124,-1000,1000
HMR_9125,-1000,1000
HMR_9129,-1000,1000
HMR_9132,-1000,1000
HMR_9133,-1000,1000
HMR_9134,-1000,1000
HMR_9135,-1000,1000
HMR_9136,-1000,1000
HMR_9137,-1000,1000
HMR_9139,-1000,1000
HMR_9140,-1000,1000
HMR_9141,-1000,1000
HMR_9143,-1000,1000
HMR_9144,-1000,1000
HMR_9145,-1000,1000
HMR_9146,-1000,1000
HMR_9150,-1000,1000
HMR_9151,-1000,1000
HMR_9152,-1000,1000
HMR_9153,-1000,1000
HMR_9154,-1000,1000
HMR_9155,-1000,1000
HMR_9156,-1000,1000
HMR_9159,-1000,1000
HMR_9160,-1000,1000
HMR_9161,-1000,1000
HMR_9167,-1000,1000
HMR_9168,-1000,1000
HMR_9171,-1000,1000
HMR_9201,-1000,1000
HMR_9205,-1000,1000
HMR_9206,-1000,1000
HMR_9207,-1000,1000
HMR_9208,-1000,1000
HMR_9214,-1000,1000
HMR_9215,-1000,1000
HMR_9216,-1000,1000
HMR_9219,-1000,1000
HMR_9232,-1000,1000
HMR_9235,-1000,1000
HMR_9236,-1000,1000
HMR_9238,-1000,1000
HMR_9239,-1000,1000
HMR_9240,-1000,1000
HMR_9243,-1000,1000
HMR_9253,-1000,1000
HMR_9254,-1000,1000
HMR_9259,-1000,1000
HMR_9262,-1000,1000
HMR_9263,-1000,1000
HMR_9269,-1000,1000
HMR_9270,-1000,1000
HMR_9279,-1000,1000
HMR_9282,-1000,1000
HMR_9287,-1000,1000
HMR_9295,-1000,1000
HMR_9296,-1000,1000
HMR_9297,-1000,1000
HMR_9300,-1000,1000
HMR_9301,-1000,1000
HMR_9303,-1000,1000
HMR_9305,-1000,1000
HMR_9310,-1000,1000
HMR_9311,-1000,1000
HMR_9317,-1000,1000
HMR_9318,-1000,1000
HMR_9330,-1000,1000
HMR_9336,-1000,1000
HMR_9338,-1000,1000
HMR_9340,-1000,1000
HMR_9343,-1000,1000
HMR_9348,-1000,1000
HMR_9350,-1000,1000
HMR_9351,-1000,1000
HMR_9352,-1000,1000
HMR_9354,-1000,1000
HMR_9358,-1000,1000
HMR_9361,-1000,1000
HMR_9362,-1000,1000
HMR_9366,-1000,1000
HMR_9367,-1000,1000
HMR_9370,-1000,1000
HMR_9372,-1000,1000
HMR_9378,-1000,1000
HMR_9383,-1000,1000
HMR_9388,-1000,1000
HMR_9397,-1000,1000
HMR_9404,-1000,1000
HMR_9410,-1000,1000
HMR_9411,-1000,1000
HMR_9412,-1000,1000
HMR_9416,-1000,1000
HMR_9421,-1000,1000
HMR_9423,-1000,1000
HMR_9424,-1000,1000
HMR_9427,-1000,1000
HMR_9436,-1000,1000
HMR_9438,-1000,1000
HMR_9439,-1000,1000
HMR_9440,-1000,1000
HMR_9447,-1000,1000
HMR_9456,-1000,1000
HMR_9457,-1000,1000
HMR_9682,-1000,1000
HMR_9683,-1000,1000
HMR_9685,-1000,1000
EX_adrn[e],-1000,1000
EX_arach[e],-1000,1000
EX_arachd[e],-1000,1000
EX_atp[e],-1000,1000
EX_clpnd[e],-1000,1000
EX_crvnc[e],-1000,1000
EX_dcsptn1[e],-1000,1000
EX_dlnlcg[e],-1000,1000
EX_eicostet[e],-1000,1000
EX_elaid[e],-1000,1000
EX_glygn2[e],-1000,1000
EX_glygn4[e],-1000,1000
EX_hdca[e],-1000,1000
EX_hdcea[e],-1000,1000
EX_hexc[e],-1000,1000
EX_hpdca[e],-1000,1000
EX_lgnc[e],-1000,1000
EX_lneldc[e],-1000,1000
EX_lnlncg[e],-1000,1000
EX_nrvnc[e],-1000,1000
EX_ocdca[e],-1000,1000
EX_ocdcea[e],-1000,1000
EX_ptdca[e],-1000,1000
EX_strdnc[e],-1000,1000
EX_tag_hs[e],-1000,1000
EX_tethex3[e],-1000,1000
EX_tetpent3[e],-1000,1000
EX_tetpent6[e],-1000,1000
EX_tettet6[e],-1000,1000
EX_tmndnc[e],-1000,1000
EX_ttdca[e],-1000,1000
EX_vacc[e],-1000,1000
EX_xolest2_hs[e],-1000,1000
EX_dgmp[e],-1000,1000
EX_dgtp[e],-1000,1000
EX_fad[e],-1000,1000
EX_HC01577[e],-1000,1000
EX_HC01609[e],-1000,1000
EX_HC01610[e],-1000,1000
EX_HC01700[e],-1000,1000
EX_HC02160[e],-1000,1000
EX_HC02161[e],-1000,1000
EX_prpp[e],-1000,1000
EX_HC00955[e],-1000,1000
EX_HC00004[e],-1000,1000
EX_HC01939[e],-1000,1000
EX_HC01943[e],-1000,1000
EX_HC00822[e],-1000,1000
EX_HC02187[e],-1000,1000
EX_23cump[e],-1000,1000
EX_3ump[e],-1000,1000
EX_CE0074[e],-1000,1000
EX_C04849[e],-1000,1000
EX_c16dc[e],-1000,1000
EX_doco13ac[e],-1000,1000
EX_docosac[e],-1000,1000
EX_carn[e],-1000,1000
EX_fmn[e],-1000,1000
EX_dcmp[e],-1000,1000
EX_hLkynr[e],-1000,1000
EX_glyc3p[e],-1000,1000
EX_lneldccrn[e],-1000,1000
EX_12HPET[e],-1000,1000
EX_5HPET[e],-1000,1000
EX_C04717[e],-1000,1000
EX_C14770[e],-1000,1000
EX_C14771[e],-1000,1000
EX_CE5304[e],-1000,1000
EX_hmcarn[e],-1000,1000
EX_lnlccrn[e],-1000,1000
EX_xolest204_hs[e],-1000,1000
EX_CE2510[e],-1000,1000
EX_ddca[e],-1000,1000
EX_ttdcea[e],-1000,1000
EX_bgly[e],-1000,1000
EX_thcholstoic[e],-1000,1000
EX_ppi[e],-1000,1000
EX_nh4[e],-1000,1000
EX_ptrc[e],-1000,1000
EX_phpyr[e],-1000,1000
EX_sucsal[e],-1000,1000
EX_sphings[e],-1000,1000
EX_hdd2crn[e],-1000,1000
EX_mlthf[e],-1000,1000
EX_CE2705[e],-1000,1000
EX_1a25dhvitd3[e],-1000,1000
EX_CE5025[e],-1000,1000
EX_gluside_hs[e],-1000,1000
EX_galgluside_hs[e],-1000,1000
EX_ga1_hs[e],-1000,1000
EX_gm1_hs[e],-1000,1000
EX_3hpvs[e],-1000,1000
EX_am9csa[e],-1000,1000
EX_fvs[e],-1000,1000
EX_lstn[e],-1000,1000
EX_M02956[e],-1000,1000
EX_M00234[e],-1000,1000
EX_M01807[e],-1000,1000
EX_M00503[e],-1000,1000
EX_M00003[e],-1000,1000
EX_M00008[e],-1000,1000
EX_M00010[e],-1000,1000
EX_M00017[e],-1000,1000
EX_M00019[e],-1000,1000
EX_M00021[e],-1000,1000
EX_M00115[e],-1000,1000
EX_M00117[e],-1000,1000
EX_M00260[e],-1000,1000
EX_M00265[e],-1000,1000
EX_M00315[e],-1000,1000
EX_M00341[e],-1000,1000
EX_M01197[e],-1000,1000
EX_M01207[e],-1000,1000
EX_M01235[e],-1000,1000
EX_M01238[e],-1000,1000
EX_M01582[e],-1000,1000
EX_M02053[e],-1000,1000
EX_M02457[e],-1000,1000
EX_M02613[e],-1000,1000
EX_M02745[e],-1000,1000
EX_M03045[e],-1000,1000
EX_M03051[e],-1000,1000
EX_M03153[e],-1000,1000
EX_h2co3[e],-1000,1000
HMR_10024,-1000,1000
HMR_10027,-1000,1000
